{
  "margin" : 0,
  "name" : "objects-by-colonytag/copper",
  "properties" : {
  },
  "spacing" : 0,
  "tilecount" : 9,
  "tileheight" : 8,
  "tileproperties" : {
    "0" : {
      "//description" : "A copper structural support beam.",
      "//name" : "coppersupport",
      "//shortdescription" : "Copper Support",
      "imagePositionX" : "0",
      "imagePositionY" : "0",
      "object" : "coppersupport",
      "tilesetDirection" : "right"
    },
    "1" : {
      "//description" : "A copper structural support beam.",
      "//name" : "coppersupport_orientation1",
      "//shortdescription" : "Copper Support",
      "imagePositionX" : "-24",
      "imagePositionY" : "0",
      "object" : "coppersupport",
      "tilesetDirection" : "left"
    },
    "2" : {
      "//description" : "A copper structural support beam.",
      "//name" : "coppersupport_orientation2",
      "//shortdescription" : "Copper Support",
      "imagePositionX" : "-24",
      "imagePositionY" : "0",
      "object" : "coppersupport",
      "tilesetDirection" : "right"
    },
    "3" : {
      "//description" : "A copper structural support beam.",
      "//name" : "coppersupport_orientation3",
      "//shortdescription" : "Copper Support",
      "imagePositionX" : "0",
      "imagePositionY" : "0",
      "object" : "coppersupport",
      "tilesetDirection" : "left"
    },
    "4" : {
      "//description" : "An oil lantern made of copper.",
      "//name" : "copperlantern",
      "//shortdescription" : "Copper Oil Lantern",
      "imagePositionX" : "0",
      "imagePositionY" : "0",
      "object" : "copperlantern",
      "tilesetDirection" : "right"
    },
    "5" : {
      "//description" : "An oil lantern made of copper.",
      "//name" : "copperlantern_orientation2",
      "//shortdescription" : "Copper Oil Lantern",
      "imagePositionX" : "0",
      "imagePositionY" : "0",
      "object" : "copperlantern",
      "tilesetDirection" : "right"
    },
    "6" : {
      "//description" : "A wall shelf made from copper.",
      "//name" : "coppershelf",
      "//shortdescription" : "Copper Wall Shelf",
      "imagePositionX" : "-16",
      "imagePositionY" : "0",
      "object" : "coppershelf",
      "tilesetDirection" : "right"
    },
    "7" : {
      "//description" : "A hanging ceiling light made from copper.",
      "//name" : "copperceilinglight",
      "//shortdescription" : "Copper Ceiling Light",
      "imagePositionX" : "-8",
      "imagePositionY" : "-24",
      "object" : "copperceilinglight",
      "tilesetDirection" : "right"
    },
    "8" : {
      "//description" : "A strong storage crate made from copper.",
      "//name" : "copperbox1",
      "//shortdescription" : "Copper Crate",
      "imagePositionX" : "-8",
      "imagePositionY" : "0",
      "object" : "copperbox1",
      "tilesetDirection" : "right"
    }
  },
  "tiles" : {
    "0" : {
      "image" : "../../../../../tiled/packed/objects/coppersupport.png"
    },
    "1" : {
      "image" : "../../../../../tiled/packed/objects/coppersupport_orientation1.png"
    },
    "2" : {
      "image" : "../../../../../tiled/packed/objects/coppersupport_orientation2.png"
    },
    "3" : {
      "image" : "../../../../../tiled/packed/objects/coppersupport_orientation3.png"
    },
    "4" : {
      "image" : "../../../../../tiled/packed/objects/copperlantern.png"
    },
    "5" : {
      "image" : "../../../../../tiled/packed/objects/copperlantern_orientation2.png"
    },
    "6" : {
      "image" : "../../../../../tiled/packed/objects/coppershelf.png"
    },
    "7" : {
      "image" : "../../../../../tiled/packed/objects/copperceilinglight.png"
    },
    "8" : {
      "image" : "../../../../../tiled/packed/objects/copperbox1.png"
    }
  },
  "tilewidth" : 8
}