{ "columns":0,
 "grid":
    {
     "height":8,
     "orientation":"orthogonal",
     "width":8
    },
 "margin":0,
 "name":"cute_objects",
 "spacing":0,
 "tilecount":40,
 "tileheight":64,
 "tileproperties":
    {
     "0":
        {
         "imagePositionX":"-16",
         "imagePositionY":"0",
         "object":"cutearmoire1",
         "tilesetDirection":"right"
        },
     "1":
        {
         "imagePositionX":"-16",
         "imagePositionY":"0",
         "object":"cutearmoire2",
         "tilesetDirection":"right"
        },
     "10":
        {
         "imagePositionX":"-16",
         "imagePositionY":"0",
         "object":"cutecabinet2",
         "tilesetDirection":"right"
        },
     "11":
        {
         "imagePositionX":"-16",
         "imagePositionY":"0",
         "object":"cutecabinet3",
         "tilesetDirection":"right"
        },
     "12":
        {
         "imagePositionX":"-8",
         "imagePositionY":"0",
         "object":"cutechair",
         "tilesetDirection":"right"
        },
     "13":
        {
         "imagePositionX":"-8",
         "imagePositionY":"0",
         "object":"cutechest1",
         "tilesetDirection":"right"
        },
     "14":
        {
         "imagePositionX":"-8",
         "imagePositionY":"0",
         "object":"cutechest2",
         "tilesetDirection":"right"
        },
     "15":
        {
         "imagePositionX":"-24",
         "imagePositionY":"0",
         "object":"cutedesk",
         "tilesetDirection":"right"
        },
     "16":
        {
         "imagePositionX":"-16",
         "imagePositionY":"0",
         "object":"cutedoor1",
         "tilesetDirection":"right"
        },
     "17":
        {
         "imagePositionX":"-16",
         "imagePositionY":"0",
         "object":"cutedoor2",
         "tilesetDirection":"right"
        },
     "18":
        {
         "imagePositionX":"-8",
         "imagePositionY":"-32",
         "object":"cutedrape1",
         "tilesetDirection":"right"
        },
     "19":
        {
         "imagePositionX":"-16",
         "imagePositionY":"0",
         "object":"cutedrape2",
         "tilesetDirection":"right"
        },
     "2":
        {
         "imagePositionX":"-16",
         "imagePositionY":"0",
         "object":"cutebathroomcabinet",
         "tilesetDirection":"right"
        },
     "20":
        {
         "imagePositionX":"-16",
         "imagePositionY":"0",
         "object":"cutedresser1",
         "tilesetDirection":"right"
        },
     "21":
        {
         "imagePositionX":"-16",
         "imagePositionY":"0",
         "object":"cutedresser2",
         "tilesetDirection":"right"
        },
     "22":
        {
         "imagePositionX":"-16",
         "imagePositionY":"0",
         "object":"cutedresser3",
         "tilesetDirection":"right"
        },
     "23":
        {
         "imagePositionX":"-8",
         "imagePositionY":"0",
         "object":"cutekurukuruplush",
         "tilesetDirection":"right"
        },
     "24":
        {
         "imagePositionX":"-8",
         "imagePositionY":"0",
         "object":"cutelamp1",
         "tilesetDirection":"right"
        },
     "25":
        {
         "imagePositionX":"-8",
         "imagePositionY":"0",
         "object":"cutelamp2",
         "tilesetDirection":"right"
        },
     "26":
        {
         "imagePositionX":"-8",
         "imagePositionY":"0",
         "object":"cutemirror",
         "tilesetDirection":"right"
        },
     "27":
        {
         "imagePositionX":"-8",
         "imagePositionY":"-16",
         "object":"cutepicture",
         "tilesetDirection":"right"
        },
     "28":
        {
         "imagePositionX":"-24",
         "imagePositionY":"-8",
         "object":"cuteribbons1",
         "tilesetDirection":"right"
        },
     "29":
        {
         "imagePositionX":"-8",
         "imagePositionY":"-8",
         "object":"cuteribbons2",
         "tilesetDirection":"right"
        },
     "3":
        {
         "imagePositionX":"-16",
         "imagePositionY":"0",
         "object":"cutebathroomsink",
         "tilesetDirection":"right"
        },
     "30":
        {
         "imagePositionX":"-8",
         "imagePositionY":"0",
         "object":"cutestool",
         "tilesetDirection":"right"
        },
     "31":
        {
         "imagePositionX":"-16",
         "imagePositionY":"0",
         "object":"cutetable",
         "tilesetDirection":"right"
        },
     "32":
        {
         "imagePositionX":"-16",
         "imagePositionY":"0",
         "object":"cuteteatable",
         "tilesetDirection":"right"
        },
     "33":
        {
         "imagePositionX":"0",
         "imagePositionY":"0",
         "object":"cutesupport",
         "tilesetDirection":"right"
        },
     "34":
        {
         "imagePositionX":"-24",
         "imagePositionY":"0",
         "object":"cutesupport",
         "tilesetDirection":"left"
        },
     "35":
        {
         "imagePositionX":"-24",
         "imagePositionY":"0",
         "object":"cutesupport",
         "tilesetDirection":"right"
        },
     "36":
        {
         "imagePositionX":"0",
         "imagePositionY":"0",
         "object":"cutesupport",
         "tilesetDirection":"left"
        },
     "37":
        {
         "imagePositionX":"-8",
         "imagePositionY":"0",
         "object":"cuteflag",
         "tilesetDirection":"right"
        },
     "39":
        {
         "imagePositionX":"-8",
         "imagePositionY":"0",
         "object":"cutefountain1",
         "tilesetDirection":"right"
        },
     "4":
        {
         "imagePositionX":"-16",
         "imagePositionY":"0",
         "object":"cutebathroomtable",
         "tilesetDirection":"right"
        },
     "41":
        {
         "imagePositionX":"",
         "imagePositionY":""
        },
     "5":
        {
         "imagePositionX":"-24",
         "imagePositionY":"0",
         "object":"cutebed1",
         "tilesetDirection":"left"
        },
     "6":
        {
         "imagePositionX":"-24",
         "imagePositionY":"0",
         "object":"cutebed2",
         "tilesetDirection":"left"
        },
     "7":
        {
         "imagePositionX":"-24",
         "imagePositionY":"0",
         "object":"cutebed3",
         "tilesetDirection":"left"
        },
     "8":
        {
         "imagePositionX":"-8",
         "imagePositionY":"0",
         "object":"cutebin",
         "tilesetDirection":"right"
        },
     "9":
        {
         "imagePositionX":"-16",
         "imagePositionY":"0",
         "object":"cutecabinet1",
         "tilesetDirection":"right"
        }
    },
 "tilepropertytypes":
    {
     "0":
        {
         "imagePositionX":"string",
         "imagePositionY":"string",
         "object":"string",
         "tilesetDirection":"string"
        },
     "1":
        {
         "imagePositionX":"string",
         "imagePositionY":"string",
         "object":"string",
         "tilesetDirection":"string"
        },
     "10":
        {
         "imagePositionX":"string",
         "imagePositionY":"string",
         "object":"string",
         "tilesetDirection":"string"
        },
     "11":
        {
         "imagePositionX":"string",
         "imagePositionY":"string",
         "object":"string",
         "tilesetDirection":"string"
        },
     "12":
        {
         "imagePositionX":"string",
         "imagePositionY":"string",
         "object":"string",
         "tilesetDirection":"string"
        },
     "13":
        {
         "imagePositionX":"string",
         "imagePositionY":"string",
         "object":"string",
         "tilesetDirection":"string"
        },
     "14":
        {
         "imagePositionX":"string",
         "imagePositionY":"string",
         "object":"string",
         "tilesetDirection":"string"
        },
     "15":
        {
         "imagePositionX":"string",
         "imagePositionY":"string",
         "object":"string",
         "tilesetDirection":"string"
        },
     "16":
        {
         "imagePositionX":"string",
         "imagePositionY":"string",
         "object":"string",
         "tilesetDirection":"string"
        },
     "17":
        {
         "imagePositionX":"string",
         "imagePositionY":"string",
         "object":"string",
         "tilesetDirection":"string"
        },
     "18":
        {
         "imagePositionX":"string",
         "imagePositionY":"string",
         "object":"string",
         "tilesetDirection":"string"
        },
     "19":
        {
         "imagePositionX":"string",
         "imagePositionY":"string",
         "object":"string",
         "tilesetDirection":"string"
        },
     "2":
        {
         "imagePositionX":"string",
         "imagePositionY":"string",
         "object":"string",
         "tilesetDirection":"string"
        },
     "20":
        {
         "imagePositionX":"string",
         "imagePositionY":"string",
         "object":"string",
         "tilesetDirection":"string"
        },
     "21":
        {
         "imagePositionX":"string",
         "imagePositionY":"string",
         "object":"string",
         "tilesetDirection":"string"
        },
     "22":
        {
         "imagePositionX":"string",
         "imagePositionY":"string",
         "object":"string",
         "tilesetDirection":"string"
        },
     "23":
        {
         "imagePositionX":"string",
         "imagePositionY":"string",
         "object":"string",
         "tilesetDirection":"string"
        },
     "24":
        {
         "imagePositionX":"string",
         "imagePositionY":"string",
         "object":"string",
         "tilesetDirection":"string"
        },
     "25":
        {
         "imagePositionX":"string",
         "imagePositionY":"string",
         "object":"string",
         "tilesetDirection":"string"
        },
     "26":
        {
         "imagePositionX":"string",
         "imagePositionY":"string",
         "object":"string",
         "tilesetDirection":"string"
        },
     "27":
        {
         "imagePositionX":"string",
         "imagePositionY":"string",
         "object":"string",
         "tilesetDirection":"string"
        },
     "28":
        {
         "imagePositionX":"string",
         "imagePositionY":"string",
         "object":"string",
         "tilesetDirection":"string"
        },
     "29":
        {
         "imagePositionX":"string",
         "imagePositionY":"string",
         "object":"string",
         "tilesetDirection":"string"
        },
     "3":
        {
         "imagePositionX":"string",
         "imagePositionY":"string",
         "object":"string",
         "tilesetDirection":"string"
        },
     "30":
        {
         "imagePositionX":"string",
         "imagePositionY":"string",
         "object":"string",
         "tilesetDirection":"string"
        },
     "31":
        {
         "imagePositionX":"string",
         "imagePositionY":"string",
         "object":"string",
         "tilesetDirection":"string"
        },
     "32":
        {
         "imagePositionX":"string",
         "imagePositionY":"string",
         "object":"string",
         "tilesetDirection":"string"
        },
     "33":
        {
         "imagePositionX":"string",
         "imagePositionY":"string",
         "object":"string",
         "tilesetDirection":"string"
        },
     "34":
        {
         "imagePositionX":"string",
         "imagePositionY":"string",
         "object":"string",
         "tilesetDirection":"string"
        },
     "35":
        {
         "imagePositionX":"string",
         "imagePositionY":"string",
         "object":"string",
         "tilesetDirection":"string"
        },
     "36":
        {
         "imagePositionX":"string",
         "imagePositionY":"string",
         "object":"string",
         "tilesetDirection":"string"
        },
     "37":
        {
         "imagePositionX":"string",
         "imagePositionY":"string",
         "object":"string",
         "tilesetDirection":"string"
        },
     "39":
        {
         "imagePositionX":"string",
         "imagePositionY":"string",
         "object":"string",
         "tilesetDirection":"string"
        },
     "4":
        {
         "imagePositionX":"string",
         "imagePositionY":"string",
         "object":"string",
         "tilesetDirection":"string"
        },
     "41":
        {
         "imagePositionX":"string",
         "imagePositionY":"string"
        },
     "5":
        {
         "imagePositionX":"string",
         "imagePositionY":"string",
         "object":"string",
         "tilesetDirection":"string"
        },
     "6":
        {
         "imagePositionX":"string",
         "imagePositionY":"string",
         "object":"string",
         "tilesetDirection":"string"
        },
     "7":
        {
         "imagePositionX":"string",
         "imagePositionY":"string",
         "object":"string",
         "tilesetDirection":"string"
        },
     "8":
        {
         "imagePositionX":"string",
         "imagePositionY":"string",
         "object":"string",
         "tilesetDirection":"string"
        },
     "9":
        {
         "imagePositionX":"string",
         "imagePositionY":"string",
         "object":"string",
         "tilesetDirection":"string"
        }
    },
 "tiles":
    {
     "0":
        {
         "image":"..\/..\/..\/..\/tiled\/frackinuniverse-custom\/objects\/cutearmoire1.png",
         "imageheight":40,
         "imagewidth":32
        },
     "1":
        {
         "image":"..\/..\/..\/..\/tiled\/frackinuniverse-custom\/objects\/cutearmoire2.png",
         "imageheight":40,
         "imagewidth":32
        },
     "10":
        {
         "image":"..\/..\/..\/..\/tiled\/frackinuniverse-custom\/objects\/cutecabinet2.png",
         "imageheight":32,
         "imagewidth":32
        },
     "11":
        {
         "image":"..\/..\/..\/..\/tiled\/frackinuniverse-custom\/objects\/cutecabinet3.png",
         "imageheight":16,
         "imagewidth":32
        },
     "12":
        {
         "image":"..\/..\/..\/..\/tiled\/frackinuniverse-custom\/objects\/cutechair.png",
         "imageheight":24,
         "imagewidth":16
        },
     "13":
        {
         "image":"..\/..\/..\/..\/tiled\/frackinuniverse-custom\/objects\/cutechest1.png",
         "imageheight":16,
         "imagewidth":24
        },
     "14":
        {
         "image":"..\/..\/..\/..\/tiled\/frackinuniverse-custom\/objects\/cutechest2.png",
         "imageheight":16,
         "imagewidth":24
        },
     "15":
        {
         "image":"..\/..\/..\/..\/tiled\/frackinuniverse-custom\/objects\/cutedesk.png",
         "imageheight":16,
         "imagewidth":48
        },
     "16":
        {
         "image":"..\/..\/..\/..\/tiled\/frackinuniverse-custom\/objects\/cutedoor1.png",
         "imageheight":40,
         "imagewidth":40
        },
     "17":
        {
         "image":"..\/..\/..\/..\/tiled\/frackinuniverse-custom\/objects\/cutedoor2.png",
         "imageheight":40,
         "imagewidth":40
        },
     "18":
        {
         "image":"..\/..\/..\/..\/tiled\/frackinuniverse-custom\/objects\/cutedrape1.png",
         "imageheight":64,
         "imagewidth":16
        },
     "19":
        {
         "image":"..\/..\/..\/..\/tiled\/frackinuniverse-custom\/objects\/cutedrape2.png",
         "imageheight":64,
         "imagewidth":40
        },
     "2":
        {
         "image":"..\/..\/..\/..\/tiled\/frackinuniverse-custom\/objects\/cutebathroomcabinet.png",
         "imageheight":32,
         "imagewidth":24
        },
     "20":
        {
         "image":"..\/..\/..\/..\/tiled\/frackinuniverse-custom\/objects\/cutedresser1.png",
         "imageheight":48,
         "imagewidth":40
        },
     "21":
        {
         "image":"..\/..\/..\/..\/tiled\/frackinuniverse-custom\/objects\/cutedresser2.png",
         "imageheight":48,
         "imagewidth":40
        },
     "22":
        {
         "image":"..\/..\/..\/..\/tiled\/frackinuniverse-custom\/objects\/cutedresser3.png",
         "imageheight":48,
         "imagewidth":40
        },
     "23":
        {
         "image":"..\/..\/..\/..\/tiled\/frackinuniverse-custom\/objects\/cutekurukuruplush.png",
         "imageheight":16,
         "imagewidth":16
        },
     "24":
        {
         "image":"..\/..\/..\/..\/tiled\/frackinuniverse-custom\/objects\/cutelamp1.png",
         "imageheight":16,
         "imagewidth":16
        },
     "25":
        {
         "image":"..\/..\/..\/..\/tiled\/frackinuniverse-custom\/objects\/cutelamp2.png",
         "imageheight":16,
         "imagewidth":16
        },
     "26":
        {
         "image":"..\/..\/..\/..\/tiled\/frackinuniverse-custom\/objects\/cutemirror.png",
         "imageheight":40,
         "imagewidth":24
        },
     "27":
        {
         "image":"..\/..\/..\/..\/tiled\/frackinuniverse-custom\/objects\/cutepicture.png",
         "imageheight":32,
         "imagewidth":24
        },
     "28":
        {
         "image":"..\/..\/..\/..\/tiled\/frackinuniverse-custom\/objects\/cuteribbons1.png",
         "imageheight":16,
         "imagewidth":56
        },
     "29":
        {
         "image":"..\/..\/..\/..\/tiled\/frackinuniverse-custom\/objects\/cuteribbons2.png",
         "imageheight":16,
         "imagewidth":24
        },
     "3":
        {
         "image":"..\/..\/..\/..\/tiled\/frackinuniverse-custom\/objects\/cutebathroomsink.png",
         "imageheight":24,
         "imagewidth":24
        },
     "30":
        {
         "image":"..\/..\/..\/..\/tiled\/frackinuniverse-custom\/objects\/cutestool.png",
         "imageheight":16,
         "imagewidth":16
        },
     "31":
        {
         "image":"..\/..\/..\/..\/tiled\/frackinuniverse-custom\/objects\/cutetable.png",
         "imageheight":16,
         "imagewidth":32
        },
     "32":
        {
         "image":"..\/..\/..\/..\/tiled\/frackinuniverse-custom\/objects\/cuteteatable.png",
         "imageheight":8,
         "imagewidth":32
        },
     "33":
        {
         "image":"..\/..\/..\/..\/tiled\/frackinuniverse-custom\/objects\/cutesupport.png",
         "imageheight":32,
         "imagewidth":32
        },
     "34":
        {
         "image":"..\/..\/..\/..\/tiled\/frackinuniverse-custom\/objects\/cutesupport_orientation1.png",
         "imageheight":32,
         "imagewidth":32
        },
     "35":
        {
         "image":"..\/..\/..\/..\/tiled\/frackinuniverse-custom\/objects\/cutesupport_orientation2.png",
         "imageheight":32,
         "imagewidth":32
        },
     "36":
        {
         "image":"..\/..\/..\/..\/tiled\/frackinuniverse-custom\/objects\/cutesupport_orientation3.png",
         "imageheight":32,
         "imagewidth":32
        },
     "37":
        {
         "image":"..\/..\/..\/..\/tiled\/frackinuniverse-custom\/objects\/cuteflag.png",
         "imageheight":32,
         "imagewidth":24
        },
     "39":
        {
         "image":"..\/..\/..\/..\/tiled\/frackinuniverse-custom\/objects\/cutefountain1.png",
         "imageheight":32,
         "imagewidth":16
        },
     "4":
        {
         "image":"..\/..\/..\/..\/tiled\/frackinuniverse-custom\/objects\/cutebathroomtable.png",
         "imageheight":16,
         "imagewidth":24
        },
     "41":
        {
         "image":"..\/..\/..\/..\/tiled\/frackinuniverse-custom\/objects\/cutefountain2.png",
         "imageheight":16,
         "imagewidth":48
        },
     "5":
        {
         "image":"..\/..\/..\/..\/tiled\/frackinuniverse-custom\/objects\/cutebed1.png",
         "imageheight":40,
         "imagewidth":48
        },
     "6":
        {
         "image":"..\/..\/..\/..\/tiled\/frackinuniverse-custom\/objects\/cutebed2.png",
         "imageheight":40,
         "imagewidth":48
        },
     "7":
        {
         "image":"..\/..\/..\/..\/tiled\/frackinuniverse-custom\/objects\/cutebed3.png",
         "imageheight":24,
         "imagewidth":56
        },
     "8":
        {
         "image":"..\/..\/..\/..\/tiled\/frackinuniverse-custom\/objects\/cutebin.png",
         "imageheight":16,
         "imagewidth":16
        },
     "9":
        {
         "image":"..\/..\/..\/..\/tiled\/frackinuniverse-custom\/objects\/cutecabinet1.png",
         "imageheight":32,
         "imagewidth":32
        }
    },
 "tilewidth":56,
 "type":"tileset"
}