{ "margin":0,
  "name":"cute_tiles",
  "properties":
    {},
  "spacing":0,
  "tilecount":12,
  "tileheight":8,
  "tileproperties" : {
    "0" : {
      "material" : "dollhouseflooring"
    },
    "1" : {
      "material" : "dollhouseroofing"
    },
    "2" : {
      "material" : "dollhousestriped"
    },
    "3" : {
      "material" : "dollhousetiles"
    },
    "4" : {
      "material" : "dollhousewall"
    },
    "5" : {
      "material" : "dollhousewood"
    },
    "6" : {
      "material" : "dollhousewindow1"
    },
    "7": {
      "material" : "dollhousewindow2"
    },
    "8": {
      "material" : "dollhouseplatform"
    },
    "9": {
      "material" : "dollhousewood2"
    },
    "10": {
      "material" : "dollhousecrosshatch"
    },
    "11": {
      "material" : "dollhousepillar"
    }
  },

  "tiles":
  {
    "0" : {
      "image":"./../../../../tiled/frackinuniverse-custom/materials/dollhouseflooring.png"
    },
    "1" : {
      "image":"./../../../../tiled/frackinuniverse-custom/materials/dollhouseroofing.png"
    },
    "2" : {
      "image":"./../../../../tiled/frackinuniverse-custom/materials/dollhousestriped.png"
    },
    "3" : {
      "image":"./../../../../tiled/frackinuniverse-custom/materials/dollhousetiles.png"
    },
    "4" : {
      "image":"./../../../../tiled/frackinuniverse-custom/materials/dollhousewall.png"
    },
    "5" : {
      "image":"./../../../../tiled/frackinuniverse-custom/materials/dollhousewood.png"
    },
    "6" : {
      "image":"./../../../../tiled/frackinuniverse-custom/materials/dollhousewindow1.png"
    },
    "7" : {
      "image":"./../../../../tiled/frackinuniverse-custom/materials/dollhousewindow2.png"
    },
    "8" : {
      "image":"./../../../../tiled/frackinuniverse-custom/materials/dollhouseplatform.png"
    },
    "9" : {
      "image":"./../../../../tiled/frackinuniverse-custom/materials/dollhousewood2.png"
    },
    "10" : {
      "image":"./../../../../tiled/frackinuniverse-custom/materials/dollhousecrosshatch.png"
    },
    "11" : {
      "image":"./../../../../tiled/frackinuniverse-custom/materials/dollhousepillar.png"
    }
  },
  "tilewidth":8
}
