{ "margin":0,
 "name":"FUmaterials",
 "properties":
    {},
 "spacing":0,
 "tilecount":20,
 "tileheight":8,
  "tileproperties" : {
      "0" : {
          "material" : "elderblock1"
      },
      "1" : {
          "material" : "elderblock2"
      },
      "2" : {
          "material" : "elderplatform"
      },  
      "3" : {
          "material" : "elderstone"
      }, 
      "4" : {
          "material" : "elderstone2"
      }, 
      "5" : {
          "material" : "eldertile"
      }, 
      "6" : {
          "material" : "iceblock1"
      },  
      "7" : {
          "material" : "iceblock2"
      },    
      "8" : {
          "material" : "iceblock3"
      }, 
      "9" : {
          "material" : "iceblock4"
      },   
      "10" : {
          "material" : "protorock"
      },
      "11" : {
          "material" : "elderpillar1"
      },
      "12" : {
          "material" : "elderpillarcap"
      },
      "13" : {
          "material" : "elderfloor"
      },
      "14" : {
          "material" : "elderroof"
      },
      "15" : {
          "material" : "elderbricks"
      },
      "16" : {
          "material" : "elderbaseboard"
      },
      "17" : {
          "material" : "elderbricks2"
      },
      "18" : {
          "material" : "elderrubble"
      },
      "19" : {
          "material" : "elderpipe"
      }        
 }, 
 "tiles":
    {
     "0":
        {
         "image":"./../../../../tiled/frackinuniverse-custom/materials/elderblock1.png"
        },
     "1":
        {
         "image":"./../../../../tiled/frackinuniverse-custom/materials/elderblock2.png"
        },
     "10":
        {
         "image":"./../../../../tiled/frackinuniverse-custom/materials/protorock.png"
        },
     "2":
        {
         "image":"./../../../../tiled/frackinuniverse-custom/materials/elderplatform.png"
        },
     "3":
        {
         "image":"./../../../../tiled/frackinuniverse-custom/materials/elderstone.png"
        },
     "4":
        {
         "image":"./../../../../tiled/frackinuniverse-custom/materials/elderstone2.png"
        },
     "5":
        {
         "image":"./../../../../tiled/frackinuniverse-custom/materials/eldertile.png"
        },
     "6":
        {
         "image":"./../../../../tiled/frackinuniverse-custom/materials/iceblock1.png"
        },
     "7":
        {
         "image":"./../../../../tiled/frackinuniverse-custom/materials/iceblock2.png"
        },
     "8":
        {
         "image":"./../../../../tiled/frackinuniverse-custom/materials/iceblock3.png"
        },
     "9":
        {
         "image":"./../../../../tiled/frackinuniverse-custom/materials/iceblock4.png"
        },
     "11":
        {
         "image":"./../../../../tiled/frackinuniverse-custom/materials/elderpillar1material.png"
        },
     "12":
        {
         "image":"./../../../../tiled/frackinuniverse-custom/materials/elderpillarcapmaterial.png"
        },
     "13":
        {
         "image":"./../../../../tiled/frackinuniverse-custom/materials/elderfloorblock.png"
        },
     "14":
        {
         "image":"./../../../../tiled/frackinuniverse-custom/materials/elderroof.png"
        },
     "15":
        {
         "image":"./../../../../tiled/frackinuniverse-custom/materials/elderbricks.png"
        },
     "16":
        {
         "image":"./../../../../tiled/frackinuniverse-custom/materials/elderbaseboard.png"
        },
     "17":
        {
         "image":"./../../../../tiled/frackinuniverse-custom/materials/elderbricks2.png"
        },
     "18":
        {
         "image":"./../../../../tiled/frackinuniverse-custom/materials/elderrubble.png"
        },
     "19":
        {
         "image":"./../../../../tiled/frackinuniverse-custom/materials/elderpipe.png"
        }
    },
 "tilewidth":8
}