{ "margin":0,
 "name":"elder_fluids",
 "properties":
    {

    },
 "spacing":0,
 "tilecount":6,
 "tileheight":8,
 "tileproperties" : {
      "0" : {
          "//name" : "elderfluid",
          "liquid" : "elderfluid"
      },
      "1" : {
          "//name" : "elderfluid",
          "liquid" : "elderfluid"
      },
      "2" : {
          "//name" : "liquidnitrogen",
          "liquid" : "liquidnitrogen"
      },
      "3" : {
          "//name" : "liquidnitrogen",
          "liquid" : "liquidnitrogen"
      },
      "4" : {
          "//name" : "sulphuricacid",
          "liquid" : "sulphuricacid"
      },
       "5" : {
          "//name" : "sulphuricacid",
          "liquid" : "sulphuricacid"
      }    
 },
 
 "tiles":
    {
     "0":
        {
         "image":"./../../../../tiled/frackinuniverse-custom/liquids/elderfluid.png"
        },
     "1":
        {
         "image":"./../../../../tiled/frackinuniverse-custom/liquids/elderfluid_source.png"
        },
     "2":
        {
         "image":"./../../../../tiled/frackinuniverse-custom/liquids/liquidnitrogen.png"
        },
     "3":
        {
         "image":"./../../../../tiled/frackinuniverse-custom/liquids/liquidnitrogen_source.png"
        },
     "4":
        {
         "image":"./../../../../tiled/frackinuniverse-custom/liquids/sulphuricacid.png"
        },
     "5":
        {
         "image":"./../../../../tiled/frackinuniverse-custom/liquids/sulphuricacid_source.png"
        }
    },
 "tilewidth":8
}