{ "margin":0,
 "name":"ElderObjects",
 "properties":
    {},
 "spacing":0,
 "tilecount":94,
 "tileheight":279,
  "tileproperties" : {
      "0" : {
          "object" : "cycpillar1"
      },
      "1" : {
          "object" : "cycpillar2"
      },
      "2" : {
          "object" : "cycpillar3"
      },
      "3" : {
          "object" : "cycpillar4"
      },
      "4" : {
          "object" : "cycpillar5"
      },
      "5" : {
          "object" : "cycpillar6"
      }, 
      "6" : {
          "imagePositionX" : "-8",
          "imagePositionY" : "0",
          "object" : "cyctorch"
      },
      "7" : {
          "object" : "elderaltar"
      },
      "8" : {
          "imagePositionX" : "-24",
          "imagePositionY" : "0",
          "object" : "elderbed"
      },
      "9" : {
          "object" : "elderbookcase"
      },
      "10" : {
          "object" : "eldercabinet"
      },
      "11" : {
          "object" : "eldercarving1"
      },  
      "12" : {
          "object" : "eldercarving2"
      },
      "13" : {
          "object" : "eldercarving3"
      },
      "14" : {
          "object" : "eldercarving4"
      },
      "15" : {
          "object" : "eldercarving5"
      },
      "16" : {
          "object" : "eldercarving6"
      },
      "17" : {
          "object" : "elderchair"
      }, 
      "18" : {
          "imagePositionX" : "-8",
          "imagePositionY" : "0",
          "object" : "elderchest"
      },
      "19" : {
          "imagePositionX" : "-8",
          "imagePositionY" : "0",
          "object" : "elderchest2"
      },
      "20" : {
          "object" : "elderidol"
      },
      "21" : {
          "object" : "elderidol2"
      },
      "22" : {
          "object" : "elderidol3"
      },
      "23" : {
          "object" : "elderpedestal"
      },   
      "24" : {
          "object" : "elderpillar1"
      },
      "25" : {
          "object" : "elderpillar2"
      },
      "26" : {
          "object" : "elderpillar3"
      },
      "27" : {
          "object" : "elderslidingdoor"
      },
      "28" : {
          "object" : "elderstatue",
          "imagePositionX" : "-35",
          "imagePositionY" : "0" 
      }, 
      "29" : {
          "object" : "eldertable"
      },
      "30" : {
          "object" : "elderthingstatue"
      },
      "31" : {
          "object" : "elderthingstatue2"
      },
      "32" : {
          "object" : "elderurn1",
          "imagePositionX" : "-8",
          "imagePositionY" : "0" 
      },
      "33" : {
          "object" : "elderurn2"
      },
      "34" : {
          "object" : "elderurn3"
      },  
      "35" : {
          "object" : "monolith1"
      },
      "36" : {
          "object" : "monolith2"
      },
      "37" : {
          "object" : "monolith3"
      },
      "38" : {
          "object" : "monolith4"
      },
      "39" : {
          "object" : "mysteriousmachine1"
      },
      "40" : {
          "object" : "plynth1"
      }, 
      "41" : {
          "object" : "plynth2"
      },
      "42" : {
          "object" : "strangedevice1"
      },
      "43" : {
          "object" : "tentaclestatue"
      },
      "44" : {
          "imagePositionX" : "-15",
          "imagePositionY" : "0",
          "object" : "elderblood1"
      },
      "45" : {
          "imagePositionX" : "-12",
          "imagePositionY" : "0",
          "object" : "elderblood2"
      },
      "46" : {
          "imagePositionX" : "-18",
          "imagePositionY" : "0",
          "object" : "elderblood3"
      },
      "47" : {
          "imagePositionX" : "-32",
          "imagePositionY" : "0",
          "object" : "elderblood4"
      },
      "48" : {
          "imagePositionX" : "-9",
          "imagePositionY" : "0",
          "object" : "elderblood5"
      },
      "49" : {
          "object" : "elderleggore"
      },
      "50" : {
          "object" : "elderskullgore"
      },
      "51" : {
          "imagePositionX" : "-5",
          "imagePositionY" : "0",
          "object" : "elderblood6"
      },
      "52" : {
          "imagePositionX" : "-24",
          "imagePositionY" : "0",
          "object" : "elderblood7"
      },
      "53" : {
          "object" : "elderbloodychunks"
      },
      "54" : {
          "imagePositionX" : "-36",
          "imagePositionY" : "0",
          "object" : "elderblood8"
      },
      "55" : {
          "imagePositionX" : "-18",
          "imagePositionY" : "0",
          "object" : "elderblood9"
      },
      "56" : {
          "imagePositionX" : "-18",
          "imagePositionY" : "0",
          "object" : "elderblood10"
      },
      "57" : {
          "object" : "wagner"
      },
      "58" : {
          "object" : "fukluexstatue",
          "imagePositionX" : "-51",
          "imagePositionY" : "0"          
      },
      "59" : {
          "object" : "elderdoor2"         
      },
      "60" : {
          "object" : "elderbookcase2"         
      },
      "61" : {
          "object" : "starspawnstatue",
          "imagePositionX" : "-16",
          "imagePositionY" : "0"   
      },
      "62" : {
          "object" : "starspawnstatue2",
          "imagePositionX" : "-16",
          "imagePositionY" : "0"   
      },
      "63" : {
          "object" : "starspawnstatue3",
          "imagePositionX" : "-16",
          "imagePositionY" : "0"   
      },
      "64" : {
          "object" : "elderurn4",
          "imagePositionX" : "-8",
          "imagePositionY" : "0"   
      } ,
      "65" : {
          "object" : "elderurn5" 
      }, 
      "66" : {
          "object" : "elderurn6"
      },
      "67" : {
          "object" : "fukluexstatue2",
          "imagePositionX" : "-51",
          "imagePositionY" : "0"          
      },
      "68" : {
          "object" : "fukluexstatue3",
          "imagePositionX" : "-51",
          "imagePositionY" : "0"          
      },
      "69" : {
          "object" : "fukluexstatue4",
          "imagePositionX" : "-51",
          "imagePositionY" : "0"          
      },
      "70" : {
          "object" : "fukluexstatue5",
          "imagePositionX" : "-51",
          "imagePositionY" : "0"          
      },
      "71" : {
          "object" : "fukluexstatue6",
          "imagePositionX" : "-51",
          "imagePositionY" : "0"          
      },
      "72" : {
          "object" : "catacombs1"         
      },
      "73" : {
          "object" : "catacombs2"         
      },
      "74" : {
          "object" : "catacombs3"         
      },
      "75" : {
          "object" : "catacombs4"        
      },
      "76" : {
          "object" : "catacombs5"       
      },
      "77" : {
          "object" : "catacombs6"        
      },
      "78" : {
          "object" : "elderscrolldesk",
          "imagePositionX" : "-20",
          "imagePositionY" : "0"  
      },      
      "79" : {
          "object" : "elderbookstand",
          "imagePositionX" : "-16",
          "imagePositionY" : "0"  
      },      
      "80" : {
          "object" : "elderbookstand_normal",
          "imagePositionX" : "-16",
          "imagePositionY" : "0"            
      },
      "81" : {
          "object" : "wagnertwo",
          "imagePositionX" : "-25",
          "imagePositionY" : "0"            
      },
      "82" : {
          "object" : "knightstatue",
          "imagePositionX" : "-48",
          "imagePositionY" : "0"            
      },
      "83" : {
          "imagePositionX" : "-100",
          "imagePositionY" : "0",
          "object" : "bloodycar"
      },
      "84" : {
          "imagePositionX" : "-8",
          "imagePositionY" : "0",
          "object" : "elderoutpostchair1"
      },
      "85" : {
          "imagePositionX" : "0",
          "imagePositionY" : "0",
          "object" : "wagnerthree"
      },
      "86" : {
          "imagePositionX" : "0",
          "imagePositionY" : "0",
          "object" : "tortured1"
      },
      "87" : {
          "imagePositionX" : "0",
          "imagePositionY" : "0",
          "object" : "tortured2"
      },
      "88" : {
          "imagePositionX" : "0",
          "imagePositionY" : "0",
          "object" : "elder1tiledoor"
      },
      "89" : {
          "imagePositionX" : "0",
          "imagePositionY" : "0",
          "object" : "elder1tiledoorvertical"
      },
      "90" : {
          "imagePositionX" : "0",
          "imagePositionY" : "0",
          "object" : "elderliquidsensor"
      },
      "91" : {
          "imagePositionX" : "-14",
          "imagePositionY" : "0",
          "object" : "fubody1"
      },
      "92" : {
          "imagePositionX" : "-19",
          "imagePositionY" : "0",
          "object" : "fubody2"
      },
      "93" : {
          "object" : "knightstatue2",
          "imagePositionX" : "-48",
          "imagePositionY" : "0"            
      }    
    },
      
 "tiles":
    {
     "0":
        {
         "image":"./../../../../tiled/frackinuniverse-custom/objects/cycpillar1.png"
        },
     "1":
        {
         "image":"./../../../../tiled/frackinuniverse-custom/objects/cycpillar2.png"
        },
     "10":
        {
         "image":"./../../../../tiled/frackinuniverse-custom/objects/eldercabinet.png"
        },
     "11":
        {
         "image":"./../../../../tiled/frackinuniverse-custom/objects/eldercarving1.png"
        },
     "12":
        {
         "image":"./../../../../tiled/frackinuniverse-custom/objects/eldercarving2.png"
        },
     "13":
        {
         "image":"./../../../../tiled/frackinuniverse-custom/objects/eldercarving3.png"
        },
     "14":
        {
         "image":"./../../../../tiled/frackinuniverse-custom/objects/eldercarving4.png"
        },
     "15":
        {
         "image":"./../../../../tiled/frackinuniverse-custom/objects/eldercarving5.png"
        },
     "16":
        {
         "image":"./../../../../tiled/frackinuniverse-custom/objects/eldercarving6.png"
        },
     "17":
        {
         "image":"./../../../../tiled/frackinuniverse-custom/objects/elderchair.png"
        },
     "18":
        {
         "image":"./../../../../tiled/frackinuniverse-custom/objects/elderchest.png"
        },
     "19":
        {
         "image":"./../../../../tiled/frackinuniverse-custom/objects/elderchest2.png"
        },
     "2":
        {
         "image":"./../../../../tiled/frackinuniverse-custom/objects/cycpillar3.png"
        },
     "20":
        {
         "image":"./../../../../tiled/frackinuniverse-custom/objects/elderidol.png"
        },
     "21":
        {
         "image":"./../../../../tiled/frackinuniverse-custom/objects/elderidol2.png"
        },
     "22":
        {
         "image":"./../../../../tiled/frackinuniverse-custom/objects/elderidol3.png"
        },
     "23":
        {
         "image":"./../../../../tiled/frackinuniverse-custom/objects/elderpedestal.png"
        },
     "24":
        {
         "image":"./../../../../tiled/frackinuniverse-custom/objects/elderpillar1.png"
        },
     "25":
        {
         "image":"./../../../../tiled/frackinuniverse-custom/objects/elderpillar2.png"
        },
     "26":
        {
         "image":"./../../../../tiled/frackinuniverse-custom/objects/elderpillar3.png"
        },
     "27":
        {
         "image":"./../../../../tiled/frackinuniverse-custom/objects/elderslidingdoor.png"
        },
     "28":
        {
         "image":"./../../../../tiled/frackinuniverse-custom/objects/elderstatue.png"
        },
     "29":
        {
         "image":"./../../../../tiled/frackinuniverse-custom/objects/eldertable.png"
        },
     "3":
        {
         "image":"./../../../../tiled/frackinuniverse-custom/objects/cycpillar4.png"
        },
     "30":
        {
         "image":"./../../../../tiled/frackinuniverse-custom/objects/elderthingstatue.png"
        },
     "31":
        {
         "image":"./../../../../tiled/frackinuniverse-custom/objects/elderthingstatue2.png"
        },
     "32":
        {
         "image":"./../../../../tiled/frackinuniverse-custom/objects/elderurn1.png"
        },
     "33":
        {
         "image":"./../../../../tiled/frackinuniverse-custom/objects/elderurn2.png"
        },
     "34":
        {
         "image":"./../../../../tiled/frackinuniverse-custom/objects/elderurn3.png"
        },
     "35":
        {
         "image":"./../../../../tiled/frackinuniverse-custom/objects/monolith1.png"
        },
     "36":
        {
         "image":"./../../../../tiled/frackinuniverse-custom/objects/monolith2.png"
        },
     "37":
        {
         "image":"./../../../../tiled/frackinuniverse-custom/objects/monolith3.png"
        },
     "38":
        {
         "image":"./../../../../tiled/frackinuniverse-custom/objects/monolith4.png"
        },
     "39":
        {
         "image":"./../../../../tiled/frackinuniverse-custom/objects/mysteriousmachine1.png"
        },
     "4":
        {
         "image":"./../../../../tiled/frackinuniverse-custom/objects/cycpillar5.png"
        },
     "40":
        {
         "image":"./../../../../tiled/frackinuniverse-custom/objects/plynth1.png"
        },
     "41":
        {
         "image":"./../../../../tiled/frackinuniverse-custom/objects/plynth2.png"
        },
     "42":
        {
         "image":"./../../../../tiled/frackinuniverse-custom/objects/strangedevice1.png"
        },
     "43":
        {
         "image":"./../../../../tiled/frackinuniverse-custom/objects/tentaclestatue.png"
        },
     "44":
        {
         "image":"./../../../../tiled/frackinuniverse-custom/objects/elderblood1.png"
        },
     "45":
        {
         "image":"./../../../../tiled/frackinuniverse-custom/objects/elderblood2.png"
        },
     "46":
        {
         "image":"./../../../../tiled/frackinuniverse-custom/objects/elderblood3.png"
        },
     "47":
        {
         "image":"./../../../../tiled/frackinuniverse-custom/objects/elderblood4.png"
        },
     "48":
        {
         "image":"./../../../../tiled/frackinuniverse-custom/objects/elderblood5.png"
        },
     "49":
        {
         "image":"./../../../../tiled/frackinuniverse-custom/objects/elderleggore.png"
        },
     "50":
        {
         "image":"./../../../../tiled/frackinuniverse-custom/objects/elderskullgore.png"
        },
     "51":
        {
         "image":"./../../../../tiled/frackinuniverse-custom/objects/elderblood6.png"
        },
     "52":
        {
         "image":"./../../../../tiled/frackinuniverse-custom/objects/elderblood7.png"
        },
     "53":
        {
         "image":"./../../../../tiled/frackinuniverse-custom/objects/elderbloodychunks.png"
        },
     "54":
        {
         "image":"./../../../../tiled/frackinuniverse-custom/objects/elderblood8.png"
        },
     "55":
        {
         "image":"./../../../../tiled/frackinuniverse-custom/objects/elderblood9.png"
        },
     "56":
        {
         "image":"./../../../../tiled/frackinuniverse-custom/objects/elderblood10.png"
        },
     "57":
        {
         "image":"./../../../../tiled/frackinuniverse-custom/objects/wagner.png"
        },
     "58":
        {
         "image":"./../../../../tiled/frackinuniverse-custom/objects/avianhuge.png"
        },        
     "5":
        {
         "image":"./../../../../tiled/frackinuniverse-custom/objects/cycpillar6.png"
        },
     "6":
        {
         "image":"./../../../../tiled/frackinuniverse-custom/objects/cyctorch.png"
        },
     "7":
        {
         "image":"./../../../../tiled/frackinuniverse-custom/objects/elderaltar.png"
        },
     "8":
        {
         "image":"./../../../../tiled/frackinuniverse-custom/objects/elderbed.png"
        },
     "9":
        {
         "image":"./../../../../tiled/frackinuniverse-custom/objects/elderbookcase.png"
        },
     "59":
        {
         "image":"./../../../../tiled/frackinuniverse-custom/objects/elderdoor2.png"
        },
     "60":
        {
         "image":"./../../../../tiled/frackinuniverse-custom/objects/elderbookcase2.png"
        },
     "61":
        {
         "image":"./../../../../tiled/frackinuniverse-custom/objects/starspawnstatue.png"
        },
     "62":
        {
         "image":"./../../../../tiled/frackinuniverse-custom/objects/starspawnstatue2.png"
        },
     "63":
        {
         "image":"./../../../../tiled/frackinuniverse-custom/objects/starspawnstatue3.png"
        },
     "64":
        {
         "image":"./../../../../tiled/frackinuniverse-custom/objects/elderurn4.png"
        },
     "65":
        {
         "image":"./../../../../tiled/frackinuniverse-custom/objects/elderurn5.png"
        },
     "66":
        {
         "image":"./../../../../tiled/frackinuniverse-custom/objects/elderurn6.png"
        },
     "67":
        {
         "image":"./../../../../tiled/frackinuniverse-custom/objects/fukluexstatue2.png"
        },
     "68":
        {
         "image":"./../../../../tiled/frackinuniverse-custom/objects/fukluexstatue3.png"
        },
     "69":
        {
         "image":"./../../../../tiled/frackinuniverse-custom/objects/fukluexstatue4.png"
        },
     "70":
        {
         "image":"./../../../../tiled/frackinuniverse-custom/objects/fukluexstatue5.png"
        },
     "71":
        {
         "image":"./../../../../tiled/frackinuniverse-custom/objects/fukluexstatue6.png"
        },
     "72":
        {
         "image":"./../../../../tiled/frackinuniverse-custom/objects/catacombs1.png"
        },
     "73":
        {
         "image":"./../../../../tiled/frackinuniverse-custom/objects/catacombs2.png"
        },
     "74":
        {
         "image":"./../../../../tiled/frackinuniverse-custom/objects/catacombs3.png"
        },
     "75":
        {
         "image":"./../../../../tiled/frackinuniverse-custom/objects/catacombs4.png"
        },
     "76":
        {
         "image":"./../../../../tiled/frackinuniverse-custom/objects/catacombs5.png"
        },
     "77":
        {
         "image":"./../../../../tiled/frackinuniverse-custom/objects/catacombs6.png"
        },
     "78":
        {
         "image":"./../../../../tiled/frackinuniverse-custom/objects/elderscrolldesk.png"
        },
     "79":
        {
         "image":"./../../../../tiled/frackinuniverse-custom/objects/elderbookstand.png"
        },
     "80":
        {
         "image":"./../../../../tiled/frackinuniverse-custom/objects/elderbookstand_normal.png"
        },
     "81":
        {
         "image":"./../../../../tiled/frackinuniverse-custom/objects/wagnertwo.png"
        },
     "82":
        {
         "image":"./../../../../tiled/frackinuniverse-custom/objects/knightstatue.png"
        },
     "83":
        {
         "image":"./../../../../tiled/frackinuniverse-custom/objects/bloodycar.png"
        },
     "84":
        {
         "image":"./../../../../tiled/frackinuniverse-custom/objects/elderoutpostchair1.png"
        },
     "85":
        {
         "image":"./../../../../tiled/frackinuniverse-custom/objects/wagnerthree.png"
        },
     "86":
        {
         "image":"./../../../../tiled/frackinuniverse-custom/objects/tortured1.png"
        },
     "87":
        {
         "image":"./../../../../tiled/frackinuniverse-custom/objects/tortured2.png"
        },
     "88":
        {
         "image":"./../../../../tiled/frackinuniverse-custom/objects/elder1tiledoor.png"
        },
     "89":
        {
         "image":"./../../../../tiled/frackinuniverse-custom/objects/elder1tiledoorvertical.png"
        },
     "90":
        {
         "image":"./../../../../tiled/frackinuniverse-custom/objects/elderliquidsensor.png"
        },
     "91":
        {
         "image":"./../../../../tiled/frackinuniverse-custom/objects/body1.png"
        },
     "92":
        {
         "image":"./../../../../tiled/frackinuniverse-custom/objects/body2.png"
        },
     "93":
        {
         "image":"./../../../../tiled/frackinuniverse-custom/objects/knightstatue2.png"
        }        
    },
 "tilewidth":285
}