{ "margin":0,
 "name":"elder_deco2",
 "properties":
    {},
 "spacing":0,
 "tilecount":17,
 "tileheight":279,
  "tileproperties" : {
      "0" : {
          "imagePositionX" : "0",
          "imagePositionY" : "-8",
          "object" : "elderceilingspike1"
      },
      "1" : {
          "imagePositionX" : "0",
          "imagePositionY" : "-8",
          "object" : "elderceilingspike2"
      },      
      "2" : {
          "imagePositionX" : "0",
          "imagePositionY" : "-8",
          "object" : "elderceilingspike3"
      },      
      "3" : {
          "imagePositionX" : "0",
          "imagePositionY" : "-8",
          "object" : "elderceilingspike4"
      },      
      "4" : {
          "imagePositionX" : "0",
          "imagePositionY" : "-8",
          "object" : "elderceilingspike5"
      },      
      "5" : {
          "imagePositionX" : "0",
          "imagePositionY" : "-8",
          "object" : "elderceilingspike6"
      },      
      "6" : {
          "imagePositionX" : "0",
          "imagePositionY" : "-8",
          "object" : "elderceilingspike7"
      },      
      "7" : {
          "imagePositionX" : "0",
          "imagePositionY" : "-8",
          "object" : "elderceilingspike8"
      },     

      "8" : {
          "imagePositionX" : "-8",
          "imagePositionY" : "0",
          "object" : "elderfloorspike1"
      },      
      "9" : {
          "imagePositionX" : "-8",
          "imagePositionY" : "0",
          "object" : "elderfloorspike2"
      },      
      "10" : {
          "imagePositionX" : "-8",
          "imagePositionY" : "0",
          "object" : "elderfloorspike3"
      },      
      "11" : {
          "imagePositionX" : "-8",
          "imagePositionY" : "0",
          "object" : "elderfloorspike4"
      },      
      "12" : {
          "imagePositionX" : "-8",
          "imagePositionY" : "0",
          "object" : "elderfloorspike5"
      },      
      "13" : {
          "imagePositionX" : "-8",
          "imagePositionY" : "0",
          "object" : "elderfloorspike6"
      },      
      "14" : {
          "imagePositionX" : "-8",
          "imagePositionY" : "0",
          "object" : "elderfloorspike7"
      },        
      "15" : {
          "imagePositionX" : "-8",
          "imagePositionY" : "0",
          "object" : "elderfloorspike8"
      },        
      "16" : {
          "imagePositionX" : "-15",
          "imagePositionY" : "0",
          "object" : "corpsedrainer"
      }
    },
      
 "tiles":
    {
     "0":
        {
         "image":"./../../../../tiled/frackinuniverse-custom/objects/elderceilingspike1.png"
        },
     "1":
        {
         "image":"./../../../../tiled/frackinuniverse-custom/objects/elderceilingspike2.png"
        }, 
     "2":
        {
         "image":"./../../../../tiled/frackinuniverse-custom/objects/elderceilingspike3.png"
        }, 
     "3":
        {
         "image":"./../../../../tiled/frackinuniverse-custom/objects/elderceilingspike4.png"
        }, 
     "4":
        {
         "image":"./../../../../tiled/frackinuniverse-custom/objects/elderceilingspike5.png"
        },
     "5":
        {
         "image":"./../../../../tiled/frackinuniverse-custom/objects/elderceilingspike6.png"
        },        
     "6":
        {
         "image":"./../../../../tiled/frackinuniverse-custom/objects/elderceilingspike7.png"
        },        
     "7":
        {
         "image":"./../../../../tiled/frackinuniverse-custom/objects/elderceilingspike8.png"
        },        
     "8":
        {
         "image":"./../../../../tiled/frackinuniverse-custom/objects/elderfloorspike1.png"
        },
     "9":
        {
         "image":"./../../../../tiled/frackinuniverse-custom/objects/elderfloorspike2.png"
        },        
     "10":
        {
         "image":"./../../../../tiled/frackinuniverse-custom/objects/elderfloorspike3.png"
        },        
     "11":
        {
         "image":"./../../../../tiled/frackinuniverse-custom/objects/elderfloorspike4.png"
        },        
     "12":
        {
         "image":"./../../../../tiled/frackinuniverse-custom/objects/elderfloorspike5.png"
        },        
     "13":
        {
         "image":"./../../../../tiled/frackinuniverse-custom/objects/elderfloorspike6.png"
        },        
     "14":
        {
         "image":"./../../../../tiled/frackinuniverse-custom/objects/elderfloorspike7.png"
        },
     "15":
        {
         "image":"./../../../../tiled/frackinuniverse-custom/objects/elderfloorspike8.png"
        },        
     "16":
        {
         "image":"./../../../../tiled/frackinuniverse-custom/objects/corpsedrainer.png"
        }
    },
 "tilewidth":285
}