{ "columns":0,
 "grid":
    {
     "height":1,
     "orientation":"orthogonal",
     "width":1
    },
 "margin":0,
 "name":"fudoors",
 "spacing":0,
 "tilecount":46,
 "tileheight":80,
 "tileproperties":
    {
     "0":
        {
         "imagePositionX":"-24",
         "imagePositionY":"0",
         "object":"ancientdoorshoot"
        },
     "1":
        {
         "imagePositionX":"0",
         "imagePositionY":"0",
         "object":"avalidarkdoor"
        },
     "10":
        {
         "object":"elderslidingdoor"
        },
     "11":
        {
         "imagePositionX":"-20",
         "imagePositionY":"0",
         "object":"minedoor"
        },
     "12":
        {
         "imagePositionX":"0",
         "imagePositionY":"0",
         "object":"precursor1tiledoor"
        },
     "13":
        {
         "imagePositionX":"0",
         "imagePositionY":"0",
         "object":"precursor1tiledoorvertical"
        },
     "14":
        {
         "imagePositionX":"-20",
         "imagePositionY":"0",
         "object":"precursordoor",
         "tilesetDirection":"right"
        },
     "15":
        {
         "object":"precursordoor2"
        },
     "16":
        {
         "object":"precursordoor2blast"
        },
     "17":
        {
         "imagePositionX":"-16",
         "imagePositionY":"0",
         "object":"precursorverticaldoor2"
        },
     "18":
        {
         "imagePositionX":"-20",
         "imagePositionY":"0",
         "object":"labdoor"
        },
     "19":
        {
         "imagePositionX":"-20",
         "imagePositionY":"0",
         "object":"labdoorlarge"
        },
     "2":
        {
         "imagePositionX":"-8",
         "imagePositionY":"0",
         "object":"avalitechdoor"
        },
     "20":
        {
         "imagePositionX":"-20",
         "imagePositionY":"0",
         "object":"labdoor3"
        },
     "21":
        {
         "imagePositionX":"-16",
         "imagePositionY":"0",
         "object":"avalidarkverticaldoor"
        },
     "22":
        {
         "imagePositionX":"-16",
         "imagePositionY":"0",
         "object":"fugoldenoakdoor"
        },
     "23":
        {
         "imagePositionX":"0",
         "imagePositionY":"0",
         "object":"fuokeahitechforcedoor"
        },
     "24":
        {
         "imagePositionX":"-28",
         "imagePositionY":"0",
         "object":"fuokeamagmadoor1"
        },
     "25":
        {
         "imagePositionX":"-20",
         "imagePositionY":"0",
         "object":"fuokeamagmadoor2"
        },
     "26":
        {
         "imagePositionX":"-20",
         "imagePositionY":"0",
         "object":"kirhosshipdoor"
        },
     "27":
        {
         "imagePositionX":"0",
         "imagePositionY":"0",
         "object":"fuunderworlddoor2"
        },
     "28":
        {
         "imagePositionX":"0",
         "imagePositionY":"0",
         "object":"fuunderworlddoor"
        },
     "29":
        {
         "imagePositionX":"-16",
         "imagePositionY":"0",
         "object":"fuflorandoor"
        },
     "3":
        {
         "imagePositionX":"-16",
         "imagePositionY":"0",
         "object":"avalitechverticaldoor"
        },
     "30":
        {
         "imagePositionX":"0",
         "imagePositionY":"0",
         "object":"fujellydoor"
        },
     "31":
        {
         "imagePositionX":"0",
         "imagePositionY":"0",
         "object":"fuokeahitechforcedoor2"
        },
     "32":
        {
         "imagePositionX":"-20",
         "imagePositionY":"0",
         "object":"kirhosshipdoorBroken"
        },
     "33":
        {
         "imagePositionX":"-20",
         "imagePositionY":"0",
         "object":"elderdoor3"
        },
     "34":
        {
         "imagePositionX":"-16",
         "imagePositionY":"0",
         "object":"fuhomedoor"
        },
     "35":
        {
         "imagePositionX":"-16",
         "imagePositionY":"0",
         "object":"fufrozendoor"
        },
     "36":
        {
         "imagePositionX":"-15",
         "imagePositionY":"0",
         "object":"fujaildoor"
        },
     "37":
        {
         "imagePositionX":"-16",
         "imagePositionY":"0",
         "object":"fuwitchdoor"
        },
     "38":
        {
         "imagePositionX":"-16",
         "imagePositionY":"0",
         "object":"amberdoor"
        },
     "39":
        {
         "imagePositionX":"-16",
         "imagePositionY":"0",
         "object":"fu_perfectdoor"
        },
     "4":
        {
         "imagePositionX":"-8",
         "imagePositionY":"0",
         "object":"campdoor"
        },
     "40":
        {
         "imagePositionX":"-24",
         "imagePositionY":"0",
         "object":"labdoorhuge"
        },
     "41":
        {
         "imagePositionX":"0",
         "imagePositionY":"0",
         "object":"labhatchhuge"
        },
     "42":
        {
         "imagePositionX":"0",
         "imagePositionY":"0",
         "object":"labhatchplatformhuge"
        },
     "43":
        {
         "\/\/description":"Missile Door",
         "\/\/name":"extramissiledoor",
         "\/\/shortdescription":"Missile Door",
         "imagePositionX":"-24",
         "imagePositionY":"0",
         "object":"extramissiledoor",
         "tilesetDirection":"right"
        },
     "44":
        {
         "imagePositionX":"-16",
         "imagePositionY":"-8",
         "object":"precursorpressureplatform"
        },
     "45":
        {
         "imagePositionX":"0",
         "imagePositionY":"0",
         "object":"shiphatch"
        },
     "5":
        {
         "imagePositionX":"-16",
         "imagePositionY":"0",
         "object":"cutedoor1",
         "tilesetDirection":"right"
        },
     "6":
        {
         "imagePositionX":"-16",
         "imagePositionY":"0",
         "object":"cutedoor2",
         "tilesetDirection":"right"
        },
     "7":
        {
         "imagePositionX":"0",
         "imagePositionY":"0",
         "object":"elder1tiledoor"
        },
     "8":
        {
         "imagePositionX":"0",
         "imagePositionY":"0",
         "object":"elder1tiledoorvertical"
        },
     "9":
        {
         "object":"elderdoor2"
        }
    },
 "tilepropertytypes":
    {
     "0":
        {
         "imagePositionX":"string",
         "imagePositionY":"string",
         "object":"string"
        },
     "1":
        {
         "imagePositionX":"string",
         "imagePositionY":"string",
         "object":"string"
        },
     "10":
        {
         "object":"string"
        },
     "11":
        {
         "imagePositionX":"string",
         "imagePositionY":"string",
         "object":"string"
        },
     "12":
        {
         "imagePositionX":"string",
         "imagePositionY":"string",
         "object":"string"
        },
     "13":
        {
         "imagePositionX":"string",
         "imagePositionY":"string",
         "object":"string"
        },
     "14":
        {
         "imagePositionX":"string",
         "imagePositionY":"string",
         "object":"string",
         "tilesetDirection":"string"
        },
     "15":
        {
         "object":"string"
        },
     "16":
        {
         "object":"string"
        },
     "17":
        {
         "imagePositionX":"string",
         "imagePositionY":"string",
         "object":"string"
        },
     "18":
        {
         "imagePositionX":"string",
         "imagePositionY":"string",
         "object":"string"
        },
     "19":
        {
         "imagePositionX":"string",
         "imagePositionY":"string",
         "object":"string"
        },
     "2":
        {
         "imagePositionX":"string",
         "imagePositionY":"string",
         "object":"string"
        },
     "20":
        {
         "imagePositionX":"string",
         "imagePositionY":"string",
         "object":"string"
        },
     "21":
        {
         "imagePositionX":"string",
         "imagePositionY":"string",
         "object":"string"
        },
     "22":
        {
         "imagePositionX":"string",
         "imagePositionY":"string",
         "object":"string"
        },
     "23":
        {
         "imagePositionX":"string",
         "imagePositionY":"string",
         "object":"string"
        },
     "24":
        {
         "imagePositionX":"string",
         "imagePositionY":"string",
         "object":"string"
        },
     "25":
        {
         "imagePositionX":"string",
         "imagePositionY":"string",
         "object":"string"
        },
     "26":
        {
         "imagePositionX":"string",
         "imagePositionY":"string",
         "object":"string"
        },
     "27":
        {
         "imagePositionX":"string",
         "imagePositionY":"string",
         "object":"string"
        },
     "28":
        {
         "imagePositionX":"string",
         "imagePositionY":"string",
         "object":"string"
        },
     "29":
        {
         "imagePositionX":"string",
         "imagePositionY":"string",
         "object":"string"
        },
     "3":
        {
         "imagePositionX":"string",
         "imagePositionY":"string",
         "object":"string"
        },
     "30":
        {
         "imagePositionX":"string",
         "imagePositionY":"string",
         "object":"string"
        },
     "31":
        {
         "imagePositionX":"string",
         "imagePositionY":"string",
         "object":"string"
        },
     "32":
        {
         "imagePositionX":"string",
         "imagePositionY":"string",
         "object":"string"
        },
     "33":
        {
         "imagePositionX":"string",
         "imagePositionY":"string",
         "object":"string"
        },
     "34":
        {
         "imagePositionX":"string",
         "imagePositionY":"string",
         "object":"string"
        },
     "35":
        {
         "imagePositionX":"string",
         "imagePositionY":"string",
         "object":"string"
        },
     "36":
        {
         "imagePositionX":"string",
         "imagePositionY":"string",
         "object":"string"
        },
     "37":
        {
         "imagePositionX":"string",
         "imagePositionY":"string",
         "object":"string"
        },
     "38":
        {
         "imagePositionX":"string",
         "imagePositionY":"string",
         "object":"string"
        },
     "39":
        {
         "imagePositionX":"string",
         "imagePositionY":"string",
         "object":"string"
        },
     "4":
        {
         "imagePositionX":"string",
         "imagePositionY":"string",
         "object":"string"
        },
     "40":
        {
         "imagePositionX":"string",
         "imagePositionY":"string",
         "object":"string"
        },
     "41":
        {
         "imagePositionX":"string",
         "imagePositionY":"string",
         "object":"string"
        },
     "42":
        {
         "imagePositionX":"string",
         "imagePositionY":"string",
         "object":"string"
        },
     "43":
        {
         "\/\/description":"string",
         "\/\/name":"string",
         "\/\/shortdescription":"string",
         "imagePositionX":"string",
         "imagePositionY":"string",
         "object":"string",
         "tilesetDirection":"string"
        },
     "44":
        {
         "imagePositionX":"string",
         "imagePositionY":"string",
         "object":"string"
        },
     "45":
        {
         "imagePositionX":"string",
         "imagePositionY":"string",
         "object":"string"
        },
     "5":
        {
         "imagePositionX":"string",
         "imagePositionY":"string",
         "object":"string",
         "tilesetDirection":"string"
        },
     "6":
        {
         "imagePositionX":"string",
         "imagePositionY":"string",
         "object":"string",
         "tilesetDirection":"string"
        },
     "7":
        {
         "imagePositionX":"string",
         "imagePositionY":"string",
         "object":"string"
        },
     "8":
        {
         "imagePositionX":"string",
         "imagePositionY":"string",
         "object":"string"
        },
     "9":
        {
         "object":"string"
        }
    },
 "tiles":
    {
     "0":
        {
         "image":"..\/..\/..\/..\/tiled\/frackinuniverse-custom\/objects\/ancientdoorshoot.png",
         "imageheight":40,
         "imagewidth":48
        },
     "1":
        {
         "image":"..\/..\/..\/..\/tiled\/frackinuniverse-custom\/objects\/avalidarkdoor.png",
         "imageheight":40,
         "imagewidth":8
        },
     "10":
        {
         "image":"..\/..\/..\/..\/tiled\/frackinuniverse-custom\/objects\/elderslidingdoor.png",
         "imageheight":40,
         "imagewidth":8
        },
     "11":
        {
         "image":"..\/..\/..\/..\/tiled\/frackinuniverse-custom\/objects\/minedoor.png",
         "imageheight":40,
         "imagewidth":48
        },
     "12":
        {
         "image":"..\/..\/..\/..\/tiled\/frackinuniverse-custom\/objects\/precursor1tiledoor.png",
         "imageheight":8,
         "imagewidth":8
        },
     "13":
        {
         "image":"..\/..\/..\/..\/tiled\/frackinuniverse-custom\/objects\/precursor1tiledoorvertical.png",
         "imageheight":8,
         "imagewidth":8
        },
     "14":
        {
         "image":"..\/..\/..\/..\/tiled\/frackinuniverse-custom\/objects\/precursordoor.png",
         "imageheight":40,
         "imagewidth":16
        },
     "15":
        {
         "image":"..\/..\/..\/..\/tiled\/frackinuniverse-custom\/objects\/precursordoor2.png",
         "imageheight":40,
         "imagewidth":8
        },
     "16":
        {
         "image":"..\/..\/..\/..\/tiled\/frackinuniverse-custom\/objects\/precursordoor2blast.png",
         "imageheight":40,
         "imagewidth":8
        },
     "17":
        {
         "image":"..\/..\/..\/..\/tiled\/frackinuniverse-custom\/objects\/precursorverticaldoor2.png",
         "imageheight":8,
         "imagewidth":40
        },
     "18":
        {
         "image":"..\/..\/..\/..\/tiled\/frackinuniverse-custom\/objects\/labgear\/labdoor.png",
         "imageheight":40,
         "imagewidth":16
        },
     "19":
        {
         "image":"..\/..\/..\/..\/tiled\/frackinuniverse-custom\/objects\/labgear\/labdoorlarge.png",
         "imageheight":56,
         "imagewidth":16
        },
     "2":
        {
         "image":"..\/..\/..\/..\/tiled\/frackinuniverse-custom\/objects\/avalitechdoor.png",
         "imageheight":40,
         "imagewidth":16
        },
     "20":
        {
         "image":"..\/..\/..\/..\/tiled\/frackinuniverse-custom\/objects\/labgear\/labdoor3.png",
         "imageheight":40,
         "imagewidth":8
        },
     "21":
        {
         "image":"..\/..\/..\/..\/tiled\/frackinuniverse-custom\/objects\/avalidarkverticaldoor.png",
         "imageheight":8,
         "imagewidth":40
        },
     "22":
        {
         "image":"..\/..\/..\/..\/tiled\/frackinuniverse-custom\/objects\/fugoldenoakdoor.png",
         "imageheight":40,
         "imagewidth":8
        },
     "23":
        {
         "image":"..\/..\/..\/..\/tiled\/frackinuniverse-custom\/objects\/pixelgoods\/fuokeahitechforcedoor.png",
         "imageheight":40,
         "imagewidth":8
        },
     "24":
        {
         "image":"..\/..\/..\/..\/tiled\/frackinuniverse-custom\/objects\/pixelgoods\/fuokeamagmadoor1.png",
         "imageheight":48,
         "imagewidth":8
        },
     "25":
        {
         "image":"..\/..\/..\/..\/tiled\/frackinuniverse-custom\/objects\/pixelgoods\/fuokeamagmadoor2.png",
         "imageheight":40,
         "imagewidth":8
        },
     "26":
        {
         "image":"..\/..\/..\/..\/tiled\/frackinuniverse-custom\/objects\/kirhosshipdoor.png",
         "imageheight":40,
         "imagewidth":12
        },
     "27":
        {
         "image":"..\/..\/..\/..\/tiled\/frackinuniverse-custom\/objects\/fuunderworlddoor2.png",
         "imageheight":56,
         "imagewidth":14
        },
     "28":
        {
         "image":"..\/..\/..\/..\/tiled\/frackinuniverse-custom\/objects\/fuunderworlddoor.png",
         "imageheight":40,
         "imagewidth":14
        },
     "29":
        {
         "image":"..\/..\/..\/..\/tiled\/frackinuniverse-custom\/objects\/pixelgoods\/fuflorandoor.png",
         "imageheight":56,
         "imagewidth":10
        },
     "3":
        {
         "image":"..\/..\/..\/..\/tiled\/frackinuniverse-custom\/objects\/avalitechverticaldoor.png",
         "imageheight":14,
         "imagewidth":40
        },
     "30":
        {
         "image":"..\/..\/..\/..\/tiled\/frackinuniverse-custom\/objects\/pixelgoods\/fujellydoor.png",
         "imageheight":40,
         "imagewidth":14
        },
     "31":
        {
         "image":"..\/..\/..\/..\/tiled\/frackinuniverse-custom\/objects\/pixelgoods\/fuokeahitechforcedoor2.png",
         "imageheight":40,
         "imagewidth":8
        },
     "32":
        {
         "image":"..\/..\/..\/..\/tiled\/frackinuniverse-custom\/objects\/kirhosshipdoorBroken.png",
         "imageheight":40,
         "imagewidth":12
        },
     "33":
        {
         "image":"..\/..\/..\/..\/tiled\/frackinuniverse-custom\/objects\/elderdoor3.png",
         "imageheight":40,
         "imagewidth":7
        },
     "34":
        {
         "image":"..\/..\/..\/..\/tiled\/frackinuniverse-custom\/objects\/fuhomedoor.png",
         "imageheight":40,
         "imagewidth":8
        },
     "35":
        {
         "image":"..\/..\/..\/..\/tiled\/frackinuniverse-custom\/objects\/frozendoor.png",
         "imageheight":40,
         "imagewidth":10
        },
     "36":
        {
         "image":"..\/..\/..\/..\/tiled\/frackinuniverse-custom\/objects\/fujaildoor.png",
         "imageheight":40,
         "imagewidth":16
        },
     "37":
        {
         "image":"..\/..\/..\/..\/tiled\/frackinuniverse-custom\/objects\/fuwitchdoor.png",
         "imageheight":40,
         "imagewidth":8
        },
     "38":
        {
         "image":"..\/..\/..\/..\/tiled\/frackinuniverse-custom\/objects\/amberdoor.png",
         "imageheight":40,
         "imagewidth":12
        },
     "39":
        {
         "image":"..\/..\/..\/..\/tiled\/frackinuniverse-custom\/objects\/fu_perfectdoor.png",
         "imageheight":40,
         "imagewidth":4
        },
     "4":
        {
         "image":"..\/..\/..\/..\/tiled\/frackinuniverse-custom\/objects\/campdoor.png",
         "imageheight":40,
         "imagewidth":8
        },
     "40":
        {
         "image":"..\/..\/..\/..\/tiled\/frackinuniverse-custom\/objects\/labgear\/labdoorhuge.png",
         "imageheight":80,
         "imagewidth":24
        },
     "41":
        {
         "image":"..\/..\/..\/..\/tiled\/frackinuniverse-custom\/objects\/labgear\/labhatchhuge.png",
         "imageheight":24,
         "imagewidth":80
        },
     "42":
        {
         "image":"..\/..\/..\/..\/tiled\/frackinuniverse-custom\/objects\/labgear\/labhatchplatformhuge.png",
         "imageheight":24,
         "imagewidth":80
        },
     "43":
        {
         "image":"..\/..\/..\/..\/tiled\/extradungeons\/extramissiledoor.png",
         "imageheight":40,
         "imagewidth":48
        },
     "44":
        {
         "image":"..\/..\/..\/..\/tiled\/frackinuniverse-custom\/objects\/precursorpressureplatform.png",
         "imageheight":16,
         "imagewidth":40
        },
     "45":
        {
         "image":"..\/..\/..\/..\/tiled\/frackinuniverse-custom\/objects\/shiphatch.png",
         "imageheight":40,
         "imagewidth":320
        },
     "5":
        {
         "image":"..\/..\/..\/..\/tiled\/frackinuniverse-custom\/objects\/cutedoor1.png",
         "imageheight":40,
         "imagewidth":40
        },
     "6":
        {
         "image":"..\/..\/..\/..\/tiled\/frackinuniverse-custom\/objects\/cutedoor2.png",
         "imageheight":40,
         "imagewidth":40
        },
     "7":
        {
         "image":"..\/..\/..\/..\/tiled\/frackinuniverse-custom\/objects\/elder1tiledoor.png",
         "imageheight":8,
         "imagewidth":8
        },
     "8":
        {
         "image":"..\/..\/..\/..\/tiled\/frackinuniverse-custom\/objects\/elder1tiledoorvertical.png",
         "imageheight":8,
         "imagewidth":8
        },
     "9":
        {
         "image":"..\/..\/..\/..\/tiled\/frackinuniverse-custom\/objects\/elderdoor2.png",
         "imageheight":40,
         "imagewidth":8
        }
    },
 "tilewidth":320,
 "type":"tileset"
}