{ "margin":0,
 "name":"fu_elderceiling",
 "properties":{},
 "spacing":0,
 "tilecount":6,
 "tileheight":279,
  "tileproperties" : {
      "0" : {
          "imagePositionX" : "0",
          "imagePositionY" : "0",      
          "object" : "eldercage"
      },
      "1" : {
          "imagePositionX" : "0",
          "imagePositionY" : "0",      
          "object" : "eldercage2"
      },
      "2" : {
          "imagePositionX" : "-16",
          "imagePositionY" : "-40",      
          "object" : "elderhanging"
      },
      "3" : {
          "imagePositionX" : "-16",
          "imagePositionY" : "-120",      
          "object" : "elderhanging2"
      },
      "4" : {
          "imagePositionX" : "0",
          "imagePositionY" : "0",      
          "object" : "eldercage3"
      },
      "5" : {
          "imagePositionX" : "0",
          "imagePositionY" : "0",      
          "object" : "eldercage4"
      }      
    },
      
 "tiles":
    {
     "0":
        {
         "image":"./../../../../tiled/frackinuniverse-custom/objects/eldercage.png"
        },
     "1":
        {
         "image":"./../../../../tiled/frackinuniverse-custom/objects/eldercage2.png"
        },
     "2":
        {
         "image":"./../../../../tiled/frackinuniverse-custom/objects/elderhanging.png"
        },
     "3":
        {
         "image":"./../../../../tiled/frackinuniverse-custom/objects/elderhanging2.png"
        },
     "4":
        {
         "image":"./../../../../tiled/frackinuniverse-custom/objects/eldercage3.png"
        },
     "5":
        {
         "image":"./../../../../tiled/frackinuniverse-custom/objects/eldercage4.png"
        }        
    },
 "tilewidth":285
}