{ "margin":0,
 "name":"fu_labmaterials",
 "properties":
    {},
 "spacing":0,
 "tilecount":20,
 "tileheight":8,
  "tileproperties" : {
      "0" : {
          "material" : "fureinforcedglass"
      },
      "1" : {
          "material" : "hitechmetalblock"
      },
      "2" : {
          "material" : "labbeam"
      },  
      "3" : {
          "material" : "labframedglass"
      }, 
      "4" : {
          "material" : "labgirdir"
      }, 
      "5" : {
          "material" : "labroof"
      }, 
      "6" : {
          "material" : "labsupport"
      },  
      "7" : {
          "material" : "labtile"
      },    
      "8" : {
          "material" : "labwall"
      }, 
      "9" : {
          "material" : "labwall1"
      },   
      "10" : {
          "material" : "labwallfence"
      },
      "11" : {
          "material" : "veinblock"
      },
      "12" : {
          "material" : "fulabpipe"
      },
      "13" : {
          "material" : "fulabsupport"
      },
      "14" : {
          "material" : "fulabscreen"
      },
      "15" : {
          "material" : "steelgirdir2"
      },
      "16" : {
          "material" : "irongrating"
      },
      "17" : {
          "material" : "labtechpanel"
      },
      "18" : {
          "material" : "fulabhoverplatform"
      },
      "19" : {
          "material" : "fulabhoverpanel"
      }        
 }, 
 "tiles":
    {
     "0":
        {
         "image":"./../../../../tiled/frackinuniverse-custom/materials/lab/fureinforcedglass.png"
        },
     "1":
        {
         "image":"./../../../../tiled/frackinuniverse-custom/materials/lab/hitechmetalblock.png"
        },
     "2":
        {
         "image":"./../../../../tiled/frackinuniverse-custom/materials/lab/labbeam.png"
        },
     "3":
        {
         "image":"./../../../../tiled/frackinuniverse-custom/materials/lab/labframedglass.png"
        },
     "4":
        {
         "image":"./../../../../tiled/frackinuniverse-custom/materials/lab/labgirdir.png"
        },
     "5":
        {
         "image":"./../../../../tiled/frackinuniverse-custom/materials/lab/labroof.png"
        },
     "6":
        {
         "image":"./../../../../tiled/frackinuniverse-custom/materials/lab/labsupport.png"
        },
     "7":
        {
         "image":"./../../../../tiled/frackinuniverse-custom/materials/lab/labtile.png"
        },
     "8":
        {
         "image":"./../../../../tiled/frackinuniverse-custom/materials/lab/labwall.png"
        },
     "9":
        {
         "image":"./../../../../tiled/frackinuniverse-custom/materials/lab/labwall1.png"
        },
     "10":
        {
         "image":"./../../../../tiled/frackinuniverse-custom/materials/lab/labwallfence.png"
        },
     "11":
        {
         "image":"./../../../../tiled/frackinuniverse-custom/materials/lab/veinblock.png"
        },
     "12":
        {
         "image":"./../../../../tiled/frackinuniverse-custom/materials/lab/fulabpipe.png"
        },
     "13":
        {
         "image":"./../../../../tiled/frackinuniverse-custom/materials/lab/fulabsupport.png"
        },
     "14":
        {
         "image":"./../../../../tiled/frackinuniverse-custom/materials/lab/fulabscreen.png"
        },
     "15":
        {
         "image":"./../../../../tiled/frackinuniverse-custom/materials/lab/steelgirdir2.png"
        },
     "16":
        {
         "image":"./../../../../tiled/frackinuniverse-custom/materials/lab/irongrating.png"
        },
     "17":
        {
         "image":"./../../../../tiled/frackinuniverse-custom/materials/lab/labtechpanel.png"
        },
     "18":
        {
         "image":"./../../../../tiled/frackinuniverse-custom/materials/lab/fulabhoverplatform.png"
        },
     "19":
        {
         "image":"./../../../../tiled/frackinuniverse-custom/materials/lab/fulabhoverpanel.png"
        }  
    },
 "tilewidth":8
}