{ "margin":0,
 "name":"fu_labgear",
 "properties":
    {},
 "spacing":0,
 "tilecount":143,
 "tileheight":279,
  "tileproperties" : {
      "0" : {
          "object" : "electronmicroscope",
          "imagePositionX" : "-8",
          "imagePositionY" : "0"
      },
      "1" : {
          "object" : "labbookcase",
          "imagePositionX" : "-16",
          "imagePositionY" : "0"
      },
      "2" : {
          "object" : "labchair",
          "imagePositionX" : "-8",
          "imagePositionY" : "0"
      },      
      "3" : {
          "object" : "labcomputer",
          "imagePositionX" : "-9",
          "imagePositionY" : "0"
      },      
      "4" : {
          "object" : "labcupboard",
          "imagePositionX" : "-16",
          "imagePositionY" : "0"
      },      
      "5" : {
          "object" : "labdoor",
          "imagePositionX" : "-20",
          "imagePositionY" : "0"
      },      
      "6" : {
          "object" : "labdoorlarge",
          "imagePositionX" : "-20",
          "imagePositionY" : "0"
      },      
      "7" : {
          "object" : "labfence",
          "imagePositionX" : "-8",
          "imagePositionY" : "0"
      },
      "8" : {
          "object" : "labtable",
          "imagePositionX" : "-23",
          "imagePositionY" : "0"
      },      
      "9" : {
          "object" : "labtv1",
          "imagePositionX" : "-16",
          "imagePositionY" : "-8"
      },      
      "10" : {
          "object" : "screenarray1",
          "imagePositionX" : "-16",
          "imagePositionY" : "0"
      },      
      "11" : {
          "object" : "screenarray2",
          "imagePositionX" : "-16",
          "imagePositionY" : "0"
      },      
      "12" : {
          "object" : "screenarray3",
          "imagePositionX" : "-16",
          "imagePositionY" : "0"
      }, 
      "13" : {
          "object" : "fuokeahitecharmchair",
          "imagePositionX" : "-16",
          "imagePositionY" : "0"
      },     
      "14" : {
          "object" : "fuokeahitechbath",
          "imagePositionX" : "-16",
          "imagePositionY" : "0"          
      },    
      "15" : {
          "object" : "fuokeahitechbed",
          "imagePositionX" : "-24",
          "imagePositionY" : "0"
      }, 
      "16" : {
          "object" : "fuokeahitechbookcase2",
          "imagePositionX" : "-24",
          "imagePositionY" : "0"
      },         
      "17" : {
          "object" : "fuokeahitechcounter",
          "imagePositionX" : "-16",
          "imagePositionY" : "0"
      },         
      "18" : {
          "object" : "fuokeahitechcupboard",
          "imagePositionX" : "-16",
          "imagePositionY" : "0"
      },         
      "19" : {
          "object" : "fuokeahitechdrawer",
          "imagePositionX" : "-24",
          "imagePositionY" : "0"
      },         
      "20" : {
          "object" : "fuokeahitechforcedoor",
          "imagePositionX" : "0",
          "imagePositionY" : "0"
      },   
      "21" : {
          "object" : "fuokeahitechfridge",
          "imagePositionX" : "-8",
          "imagePositionY" : "0"
      },        
      "22" : {
          "object" : "fuokeahitechlamp1",
          "imagePositionX" : "-8",
          "imagePositionY" : "0"
      },  
      "23" : {
          "object" : "fuokeahitechlamp2",
          "imagePositionX" : "-8",
          "imagePositionY" : "0"
      },
      "24" : {
          "object" : "fuokeahitechoven",
          "imagePositionX" : "-8",
          "imagePositionY" : "0"
      },  
      "25" : {
          "object" : "fuokeahitechsafe",
          "imagePositionX" : "-16",
          "imagePositionY" : "0"
      },   
      "26" : {
          "object" : "fuokeahitechsofa",
          "imagePositionX" : "-24",
          "imagePositionY" : "0"
      },
      "27" : {
          "object" : "fuokeahitechstool",
          "imagePositionX" : "-8",
          "imagePositionY" : "0"
      },
      "28" : {
          "object" : "fuokeahitechtable",
          "imagePositionX" : "-24",
          "imagePositionY" : "0"
      },        
      "29" : {
          "object" : "fuokeahitechtoaster",
          "imagePositionX" : "-8",
          "imagePositionY" : "0"
      },
      "30" : {
          "object" : "fuokeahitechtoilet",
          "imagePositionX" : "-16",
          "imagePositionY" : "0"
      },        
      "31" : {
          "object" : "fuokeahitechvrchair",
          "imagePositionX" : "-16",
          "imagePositionY" : "0"
      },
      "32" : {
          "object" : "fuokeaclock2",
          "imagePositionX" : "-8",
          "imagePositionY" : "-8"
      },
      "33" : {
          "object" : "labdoor3",
          "imagePositionX" : "-20",
          "imagePositionY" : "0"
      },
      "34" : {
          "object" : "aerostatsail1",
          "imagePositionX" : "-64",
          "imagePositionY" : "-64"
      },
      "35" : {
          "object" : "aerostatsail2",
          "imagePositionX" : "-128",
          "imagePositionY" : "-128"
      },   
      "36" : {
          "object" : "aerostatsail3",
          "imagePositionX" : "-64",
          "imagePositionY" : "-64"
      },
      "37" : {
          "object" : "aerostatsail4",
          "imagePositionX" : "-128",
          "imagePositionY" : "-128"
      },
      "38" : {
          "object" : "avalicushion1",
          "imagePositionX" : "-8",
          "imagePositionY" : "0"
      },
      "39" : {
          "object" : "avalicushion2",
          "imagePositionX" : "-8",
          "imagePositionY" : "0"
      },
      "40" : {
          "object" : "avalihammock1",
          "imagePositionX" : "-24",
          "imagePositionY" : "0"
      },  
      "41" : {
          "object" : "avalihammock2",
          "imagePositionX" : "0",
          "imagePositionY" : "0"
      },
      "42" : {
          "object" : "bandittent1",
          "imagePositionX" : "-8",
          "imagePositionY" : "0"
      },    
      "43" : {
          "object" : "bandittent2",
          "imagePositionX" : "-8",
          "imagePositionY" : "0"
      },  
      "44" : {
          "object" : "campdoor",
          "imagePositionX" : "-8",
          "imagePositionY" : "0"
      },  
      "45" : {
          "object" : "camplargeentry1",
          "imagePositionX" : "-40",
          "imagePositionY" : "0"
      },
      "46" : {
          "object" : "camplargeentry2",
          "imagePositionX" : "-40",
          "imagePositionY" : "0"
      },    
      "47" : {
          "object" : "camplargewall1",
          "imagePositionX" : "-40",
          "imagePositionY" : "0"
      },
      "48" : {
          "object" : "camplargewall2",
          "imagePositionX" : "-40",
          "imagePositionY" : "0"
      }, 
      "49" : {
          "object" : "campslope1",
          "imagePositionX" : "-88",
          "imagePositionY" : "0"
      },          
      "50" : {
          "object" : "campslope2",
          "imagePositionX" : "-88",
          "imagePositionY" : "0"
      },
      "51" : {
          "object" : "campsmallentry1",
          "imagePositionX" : "-40",
          "imagePositionY" : "0"
      }, 
      "52" : {
          "object" : "campsmallentry2",
          "imagePositionX" : "-40",
          "imagePositionY" : "0"
      },  
      "53" : {
          "object" : "campsmallwall1",
          "imagePositionX" : "-40",
          "imagePositionY" : "0"
      }, 
      "54" : {
          "object" : "campsmallwall2",
          "imagePositionX" : "-40",
          "imagePositionY" : "0"
      },  
      "55" : {
          "object" : "avalichair1",
          "imagePositionX" : "-8",
          "imagePositionY" : "0"
      },        
      "56" : {
          "object" : "avalichair2",
          "imagePositionX" : "-8",
          "imagePositionY" : "0"
      },
      "57" : {
          "object" : "avalichest1",
          "imagePositionX" : "0",
          "imagePositionY" : "0"
      },        
      "58" : {
          "object" : "avalichest2",
          "imagePositionX" : "0",
          "imagePositionY" : "0"
      }, 
      "59" : {
          "object" : "avalicontainer1",
          "imagePositionX" : "-8",
          "imagePositionY" : "0"
      },        
      "60" : {
          "object" : "avalicontainer2",
          "imagePositionX" : "-8",
          "imagePositionY" : "0"
      },   
      "61" : {
          "object" : "avalistoragelocker",
          "imagePositionX" : "-16",
          "imagePositionY" : "-8"
      },
      "62" : {
          "object" : "avalidreamcatcher1",
          "imagePositionX" : "0",
          "imagePositionY" : "0"
      },  
      "63" : {
          "object" : "avalicrystal1",
          "imagePositionX" : "",
          "imagePositionY" : "0 "
      }, 
      "64" : {
          "object" : "avalibottle1",
          "imagePositionX" : "0",
          "imagePositionY" : "0"
      }, 
      "65" : {
          "object" : "avalidarkdoor",
          "imagePositionX" : "0",
          "imagePositionY" : "0"
      },
      "66" : {
          "object" : "avalidarkverticaldoor",
          "imagePositionX" : "-16",
          "imagePositionY" : "0"
      },       
      "67" : {
          "object" : "avalitechdoor",
          "imagePositionX" : "-8",
          "imagePositionY" : "0"
      }, 
      "68" : {
          "object" : "avalitechverticaldoor",
          "imagePositionX" : "-16",
          "imagePositionY" : "0"
      },  
      
      
      "69" : {
          "object" : "avalihologram1",
          "imagePositionX" : "0",
          "imagePositionY" : "0"
      },  
      "70" : {
          "object" : "avalihologram2",
          "imagePositionX" : "0",
          "imagePositionY" : "0"
      },     
      "71" : {
          "object" : "avalihologramsml1",
          "imagePositionX" : "0",
          "imagePositionY" : "0"
      },
      "72" : {
          "object" : "avalihologramsml2",
          "imagePositionX" : "0",
          "imagePositionY" : "0"
      },      
      "73" : {
          "object" : "avalihologramsml3",
          "imagePositionX" : "0",
          "imagePositionY" : "0"
      },      
      "74" : {
          "object" : "avalihologramtiny1",
          "imagePositionX" : "0",
          "imagePositionY" : "0"
      },      
      "75" : {
          "object" : "avalihologramtiny2",
          "imagePositionX" : "0",
          "imagePositionY" : "0"
      },      
      "76" : {
          "object" : "avalicuttingboard",
          "imagePositionX" : "0",
          "imagePositionY" : "0"
      },        
      "77" : {
          "object" : "avalikitchencupboard",
          "imagePositionX" : "0",
          "imagePositionY" : "0"
      },
      "78" : {
          "object" : "avalikitchendrawers",
          "imagePositionX" : "0",
          "imagePositionY" : "0"
      }, 
      "79" : {
          "object" : "avalikitchenfridge",
          "imagePositionX" : "0",
          "imagePositionY" : "0"
      }, 
      "80" : {
          "object" : "avalikitchenstove",
          "imagePositionX" : "0",
          "imagePositionY" : "0"
      },  
      "81" : {
          "object" : "avalisample1",
          "imagePositionX" : "0",
          "imagePositionY" : "0"
      },  
      "82" : {
          "object" : "avalisample2",
          "imagePositionX" : "0",
          "imagePositionY" : "0"
      },  
      "83" : {
          "object" : "avalisample3",
          "imagePositionX" : "0",
          "imagePositionY" : "0"
      },  
      "84" : {
          "object" : "avaliaerogellight",
          "imagePositionX" : "0",
          "imagePositionY" : "0"
      }, 
      "85" : {
          "object" : "avalilightblock",
          "imagePositionX" : "0",
          "imagePositionY" : "0"
      },          
      "86" : {
          "object" : "avalistriplight",
          "imagePositionX" : "0",
          "imagePositionY" : "0"
      },  
      "87" : {
          "object" : "avalistriplight2",
          "imagePositionX" : "0",
          "imagePositionY" : "0"
      },    
      "88" : {
          "object" : "avalitable1",
          "imagePositionX" : "0",
          "imagePositionY" : "0"
      },        
      "89" : {
          "object" : "avalitable2",
          "imagePositionX" : "0",
          "imagePositionY" : "0"
      },        
      "90" : {
          "object" : "avalitable3",
          "imagePositionX" : "0",
          "imagePositionY" : "0"
      },        
      "91" : {
          "object" : "avalitable4",
          "imagePositionX" : "0",
          "imagePositionY" : "0"
      }, 
      "92" : {
          "object" : "avaliterminal1",
          "imagePositionX" : "-16",
          "imagePositionY" : "0"
      },  
      "93" : {
          "object" : "avaliterminal2",
          "imagePositionX" : "-16",
          "imagePositionY" : "0"
      },   
      "94" : {
          "object" : "avaliterminal3",
          "imagePositionX" : "-16",
          "imagePositionY" : "0"
      },
      "95" : {
          "object" : "fuokeaglitchwagon",
          "imagePositionX" : "-52",
          "imagePositionY" : "0"
      },
      "96" : {
          "object" : "fugallows",
          "imagePositionX" : "-40",
          "imagePositionY" : "0"
      },
      "97" : {
          "object" : "pumpinfu",
          "imagePositionX" : "0",
          "imagePositionY" : "0",
          "tilesetDirection" : "right"
      },
      "98" : {
          "object" : "pumpoutfu",
          "imagePositionX" : "0",
          "imagePositionY" : "0",
          "tilesetDirection" : "right"
      },
      "99" : {
          "object" : "pumpoutpressurefu",
          "imagePositionX" : "0",
          "imagePositionY" : "0",
          "tilesetDirection" : "right"
      },
      "100" : {
          "object" : "pumpinfuelder",
          "imagePositionX" : "0",
          "imagePositionY" : "0",
          "tilesetDirection" : "right"
      },
      "101" : {
          "object" : "pumpoutpressurefuelder",
          "imagePositionX" : "0",
          "imagePositionY" : "0",
          "tilesetDirection" : "right"
      },
      "102" : {
          "object" : "pumpoutfuelder",
          "imagePositionX" : "0",
          "imagePositionY" : "0",
          "tilesetDirection" : "right"
      },
      "103" : {
          "object" : "precursordoor",
          "imagePositionX" : "-20",
          "imagePositionY" : "0",
          "tilesetDirection" : "right"
      },
      "104" : {
          "object" : "precursorlight",
          "tilesetDirection" : "right"
      },
      "105" : {
          "object" : "precursorchest",
          "imagePositionX" : "-8",
          "imagePositionY" : "0",          
          "tilesetDirection" : "right"
      },
      "106" : {
          "object" : "precursordoor2"
      },
      "107" : {
          "object" : "precursorswitch",
          "imagePositionX" : "-8",
          "imagePositionY" : "-8"
      },
      "108" : {
          "object" : "precursorcorner",
          "imagePositionX" : "0",
          "imagePositionY" : "0"
      },
      "109" : {
          "object" : "megastatue",
          "imagePositionX" : "-640",
          "imagePositionY" : "0"
      },
      "110" : {
          "object" : "precursorconverter",
          "imagePositionX" : "0",
          "imagePositionY" : "0"
      },
      "111" : {
          "object" : "precursormachine",
          "imagePositionX" : "0",
          "imagePositionY" : "0"
      },
      "112" : {
          "object" : "mlitcometsofa",
          "imagePositionX" : "-32",
          "imagePositionY" : "0"
      },
      "113" : {
          "object" : "precursoromegagenerator",
          "imagePositionX" : "-88",
          "imagePositionY" : "0"
      },
      "114" : {
          "object" : "precursorbattery1",
          "imagePositionX" : "0",
          "imagePositionY" : "0"
      },
      "115" : {
          "object" : "precursorterminal",
          "imagePositionX" : "-16",
          "imagePositionY" : "-8"
      },
      "116" : {
          "object" : "precursorchair",
          "imagePositionX" : "-12",
          "imagePositionY" : "0"
      },
      "117" : {
          "object" : "precursorchair2",
          "imagePositionX" : "-9",
          "imagePositionY" : "0"
      },
      "118" : {
          "object" : "precursoraltar",
          "imagePositionX" : "-24",
          "imagePositionY" : "0"
      },
      "119" : {
          "object" : "precursorobeliskdual",
          "imagePositionX" : "-28",
          "imagePositionY" : "0"
      },
      "120" : {
          "object" : "precursorobelisk",
          "imagePositionX" : "-16",
          "imagePositionY" : "0"
      },
      "121" : {
          "object" : "precursortable",
          "imagePositionX" : "-20",
          "imagePositionY" : "0"
      },
      "122" : {
          "object" : "precursortrap1",
          "imagePositionX" : "-16",
          "imagePositionY" : "-16"
      },
      "123" : {
          "object" : "precursorverticaldoor2",
          "imagePositionX" : "-16",
          "imagePositionY" : "0"
      },
      "124" : {
          "object" : "precursorsmelter",
          "imagePositionX" : "-40",
          "imagePositionY" : "0"
      },
      "125" : {
          "object" : "precursormatrix",
          "imagePositionX" : "0",
          "imagePositionY" : "0"
      },
      "126" : {
          "object" : "precursordroppod",
          "imagePositionX" : "-104",
          "imagePositionY" : "0"
      },
      "127" : {
          "object" : "precursorteleporter",
          "imagePositionX" : "-64",
          "imagePositionY" : "0"
      },
      "128" : {
          "object" : "fu_precursorduplicator",
          "imagePositionX" : "-64",
          "imagePositionY" : "0"
      },
      "129" : {
          "object" : "fu_precursorspawner",
          "imagePositionX" : "-64",
          "imagePositionY" : "0"
      },
      "130" : {
          "object" : "precursorconsoleswitch",
          "imagePositionX" : "-8",
          "imagePositionY" : "0"
      },
      "131" : {
          "object" : "precursorescaperadar",
          "imagePositionX" : "-26",
          "imagePositionY" : "0"
      },
      "132" : {
          "object" : "precursorpressureplatform",
          "imagePositionX" : "-16",
          "imagePositionY" : "-8"
      },
      "133" : {
          "imagePositionX" : "0",
          "imagePositionY" : "0",
          "object" : "precursor1tiledoor"
      },
      "134" : {
          "imagePositionX" : "0",
          "imagePositionY" : "0",
          "object" : "precursor1tiledoorvertical"
      },
      "135" : {
          "imagePositionX" : "-40",
          "imagePositionY" : "0",
          "object" : "fu_Bartable"
      },       
      "136" : {
          "imagePositionX" : "0",
          "imagePositionY" : "0",
          "object" : "fu_Barkeep_spot"
      },       
      "137" : {
          "imagePositionX" : "0",
          "imagePositionY" : "0",
          "object" : "fu_NFPA_gasoline"
      },       
      "138" : {
          "imagePositionX" : "0",
          "imagePositionY" : "0",
          "object" : "fu_NFPA_precursor_fluid"
      },       
      "139" : {
          "imagePositionX" : "0",
          "imagePositionY" : "0",
          "object" : "fu_NFPA_sulfuric"
      },       
      "140" : {
          "imagePositionX" : "0",
          "imagePositionY" : "0",
          "object" : "fu_NFPA_uranium"
      },       
      "141" : {
          "imagePositionX" : "0",
          "imagePositionY" : "0",
          "object" : "fu_staythefuckoutsign"
      },       
      "142" : {
          "imagePositionX" : "0",
          "imagePositionY" : "0",
          "object" : "fu_bartabletop"
      }                    
    },
      
 "tiles":
    {
     "0":
        {
         "image":"./../../../../tiled/frackinuniverse-custom/objects/labgear/electronmicroscopeleft.png"
        },
     "1":
        {
         "image":"./../../../../tiled/frackinuniverse-custom/objects/labgear/labbookcase.png"
        },
     "2":
        {
         "image":"./../../../../tiled/frackinuniverse-custom/objects/labgear/labchair.png"
        },        
     "3":
        {
         "image":"./../../../../tiled/frackinuniverse-custom/objects/labgear/labcomputer.png"
        },        
     "4":
        {
         "image":"./../../../../tiled/frackinuniverse-custom/objects/labgear/labcupboard.png"
        },        
     "5":
        {
         "image":"./../../../../tiled/frackinuniverse-custom/objects/labgear/labdoor.png"
        },        
     "6":
        {
         "image":"./../../../../tiled/frackinuniverse-custom/objects/labgear/labdoorlarge.png"
        },        
     "7":
        {
         "image":"./../../../../tiled/frackinuniverse-custom/objects/labgear/labfence.png"
        },        
     "8":
        {
         "image":"./../../../../tiled/frackinuniverse-custom/objects/labgear/labtable.png"
        },        
     "9":
        {
         "image":"./../../../../tiled/frackinuniverse-custom/objects/labgear/labtv1.png"
        },        
     "10":
        {
         "image":"./../../../../tiled/frackinuniverse-custom/objects/labgear/screenarray.png"
        },        
     "11":
        {
         "image":"./../../../../tiled/frackinuniverse-custom/objects/labgear/screenarray1.png"
        },        
     "12":
        {
         "image":"./../../../../tiled/frackinuniverse-custom/objects/labgear/screenarray2.png"
        },        
     "13":
        {
         "image":"./../../../../tiled/frackinuniverse-custom/objects/pixelgoods/fuokeahitecharmchair.png"
        },
     "14":
        {
         "image":"./../../../../tiled/frackinuniverse-custom/objects/pixelgoods/fuokeahitechbath.png"
        },  
     "15":
        {
         "image":"./../../../../tiled/frackinuniverse-custom/objects/pixelgoods/fuokeahitechbed.png"
        },         
     "16":
        {
         "image":"./../../../../tiled/frackinuniverse-custom/objects/pixelgoods/fuokeahitechbookcase.png"
        },       
     "17":
        {
         "image":"./../../../../tiled/frackinuniverse-custom/objects/pixelgoods/fuokeahitechcounter.png"
        },        
     "18":
        {
         "image":"./../../../../tiled/frackinuniverse-custom/objects/pixelgoods/fuokeahitechcupboard.png"
        },
     "19":
        {
         "image":"./../../../../tiled/frackinuniverse-custom/objects/pixelgoods/fuokeahitechdrawer.png"
        },        
     "20":
        {
         "image":"./../../../../tiled/frackinuniverse-custom/objects/pixelgoods/fuokeahitechforcedoor.png"
        },        
     "21":
        {
         "image":"./../../../../tiled/frackinuniverse-custom/objects/pixelgoods/fuokeahitechfridge.png"
        },        
     "22":
        {
         "image":"./../../../../tiled/frackinuniverse-custom/objects/pixelgoods/fuokeahitechlamp1.png"
        },        
     "23":
        {
         "image":"./../../../../tiled/frackinuniverse-custom/objects/pixelgoods/fuokeahitechlamp2.png"
        },        
     "24":
        {
         "image":"./../../../../tiled/frackinuniverse-custom/objects/pixelgoods/fuokeahitechoven.png"
        },        
     "25":
        {
         "image":"./../../../../tiled/frackinuniverse-custom/objects/pixelgoods/fuokeahitechsafe.png"
        },        
     "26":
        {
         "image":"./../../../../tiled/frackinuniverse-custom/objects/pixelgoods/fuokeahitechsofa.png"
        },        
     "27":
        {
         "image":"./../../../../tiled/frackinuniverse-custom/objects/pixelgoods/fuokeahitechstool.png"
        },        
     "28":
        {
         "image":"./../../../../tiled/frackinuniverse-custom/objects/pixelgoods/fuokeahitechtable.png"
        },        
     "29":
        {
         "image":"./../../../../tiled/frackinuniverse-custom/objects/pixelgoods/fuokeahitechtoaster.png"
        },        
     "30":
        {
         "image":"./../../../../tiled/frackinuniverse-custom/objects/pixelgoods/fuokeahitechtoilet.png"
        },        
     "31":
        {
         "image":"./../../../../tiled/frackinuniverse-custom/objects/pixelgoods/fuokeahitechvrchair.png"
        },        
     "32":
        {
         "image":"./../../../../tiled/frackinuniverse-custom/objects/pixelgoods/okeaclock2.png"
        },
     "33":
        {
         "image":"./../../../../tiled/frackinuniverse-custom/objects/labgear/labdoor3.png"
        },
     "34":
        {
         "image":"./../../../../tiled/frackinuniverse-custom/objects/aerostatsail1.png"
        },   
     "35":
        {
         "image":"./../../../../tiled/frackinuniverse-custom/objects/aerostatsail2.png"
        },           
      "36":
        {
         "image":"./../../../../tiled/frackinuniverse-custom/objects/aerostatsail3.png"
        },       
     "37":
        {
         "image":"./../../../../tiled/frackinuniverse-custom/objects/aerostatsail4.png"
        },
     "38":
        {
         "image":"./../../../../tiled/frackinuniverse-custom/objects/avalicushion1.png"
        },      
     "39":
        {
         "image":"./../../../../tiled/frackinuniverse-custom/objects/avalicushion2.png"
        },           
     "40":
        {
         "image":"./../../../../tiled/frackinuniverse-custom/objects/avalihammock1.png"
        },    
     "41":
        {
         "image":"./../../../../tiled/frackinuniverse-custom/objects/avalihammock2.png"
        },            
     "42":
        {
         "image":"./../../../../tiled/frackinuniverse-custom/objects/bandittent1.png"
        },          
     "43":
        {
         "image":"./../../../../tiled/frackinuniverse-custom/objects/bandittent2.png"
        },          
     "44":
        {
         "image":"./../../../../tiled/frackinuniverse-custom/objects/campdoor.png"
        }, 
     "45":
        {
         "image":"./../../../../tiled/frackinuniverse-custom/objects/camplargeentry1.png"
        }, 
     "46":
        {
         "image":"./../../../../tiled/frackinuniverse-custom/objects/camplargeentry2.png"
        },       
     "47":
        {
         "image":"./../../../../tiled/frackinuniverse-custom/objects/camplargewall1.png"
        },       
     "48":
        {
         "image":"./../../../../tiled/frackinuniverse-custom/objects/camplargewall2.png"
        },       
     "49":
        {
         "image":"./../../../../tiled/frackinuniverse-custom/objects/campslope1.png"
        },       
     "50":
        {
         "image":"./../../../../tiled/frackinuniverse-custom/objects/campslope2.png"
        },       
     "51":
        {
         "image":"./../../../../tiled/frackinuniverse-custom/objects/campsmallentry1.png"
        },       
     "52":
        {
         "image":"./../../../../tiled/frackinuniverse-custom/objects/campsmallentry2.png"
        },            
     "53":
        {
         "image":"./../../../../tiled/frackinuniverse-custom/objects/campsmallwall1.png"
        },          
     "54":
        {
         "image":"./../../../../tiled/frackinuniverse-custom/objects/campsmallwall2.png"
        },          
     "55":
        {
         "image":"./../../../../tiled/frackinuniverse-custom/objects/avalichair1.png"
        },    
     "56":
        {
         "image":"./../../../../tiled/frackinuniverse-custom/objects/avalichair2.png"
        },  
     "57":
        {
         "image":"./../../../../tiled/frackinuniverse-custom/objects/avalichest1.png"
        },            
     "58":
        {
         "image":"./../../../../tiled/frackinuniverse-custom/objects/avalichest2.png"
        },            
     "59":
        {
         "image":"./../../../../tiled/frackinuniverse-custom/objects/avalicontainer1.png"
        },    
     "60":
        {
         "image":"./../../../../tiled/frackinuniverse-custom/objects/avalicontainer2.png"
        },   
     "61":
        {
         "image":"./../../../../tiled/frackinuniverse-custom/objects/avalistoragelocker.png"
        }, 
     "62":
        {
         "image":"./../../../../tiled/frackinuniverse-custom/objects/avalidreamcatcher1.png"
        }, 
     "63":
        {
         "image":"./../../../../tiled/frackinuniverse-custom/objects/avalicrystal1.png"
        }, 
     "64":
        {
         "image":"./../../../../tiled/frackinuniverse-custom/objects/avalibottle1.png"
        },         
     "65":
        {
         "image":"./../../../../tiled/frackinuniverse-custom/objects/avalidarkdoor.png"
        }, 
     "66":
        {
         "image":"./../../../../tiled/frackinuniverse-custom/objects/avalidarkverticaldoor.png"
        },  
     "67":
        {
         "image":"./../../../../tiled/frackinuniverse-custom/objects/avalitechdoor.png"
        },         
     "68":
        {
         "image":"./../../../../tiled/frackinuniverse-custom/objects/avalitechverticaldoor.png"
        },         
     "69":
        {
         "image":"./../../../../tiled/frackinuniverse-custom/objects/avalihologram1.png"
        }, 
     "70":
        {
         "image":"./../../../../tiled/frackinuniverse-custom/objects/avalihologram2.png"
        },
     "71":
        {
         "image":"./../../../../tiled/frackinuniverse-custom/objects/avalihologramsml1.png"
        },    
     "72":
        {
         "image":"./../../../../tiled/frackinuniverse-custom/objects/avalihologramsml2.png"
        },   
     "73":
        {
         "image":"./../../../../tiled/frackinuniverse-custom/objects/avalihologramsml3.png"
        }, 
     "74":
        {
         "image":"./../../../../tiled/frackinuniverse-custom/objects/avalihologramtiny1.png"
        }, 
     "75":
        {
         "image":"./../../../../tiled/frackinuniverse-custom/objects/avalihologramtiny2.png"
        },
      "76":
        {
         "image":"./../../../../tiled/frackinuniverse-custom/objects/avalicuttingboard.png"
        },      
      "77":
        {
         "image":"./../../../../tiled/frackinuniverse-custom/objects/avalikitchencupboard.png"
        },       
      "78":
        {
         "image":"./../../../../tiled/frackinuniverse-custom/objects/avalikitchendrawers.png"
        }, 
      "79":
        {
         "image":"./../../../../tiled/frackinuniverse-custom/objects/avalikitchenfridge.png"
        },    
      "80":
        {
         "image":"./../../../../tiled/frackinuniverse-custom/objects/avalikitchenstove.png"
        },  
      "81":
        {
         "image":"./../../../../tiled/frackinuniverse-custom/objects/avalisample1.png"
        }, 
      "82":
        {
         "image":"./../../../../tiled/frackinuniverse-custom/objects/avalisample1.png"
        }, 
      "83":
        {
         "image":"./../../../../tiled/frackinuniverse-custom/objects/avalisample3.png"
        },    
      "84":
        {
         "image":"./../../../../tiled/frackinuniverse-custom/objects/avaliaerogellight.png"
        },         
      "85":
        {
         "image":"./../../../../tiled/frackinuniverse-custom/objects/avalilightblock.png"
        },         
      "86":
        {
         "image":"./../../../../tiled/frackinuniverse-custom/objects/avalistriplight.png"
        },         
      "87":
        {
         "image":"./../../../../tiled/frackinuniverse-custom/objects/avalistriplight2.png"
        },   
      "88":
        {
         "image":"./../../../../tiled/frackinuniverse-custom/objects/avalitable1.png"
        },         
      "89":
        {
         "image":"./../../../../tiled/frackinuniverse-custom/objects/avalitable2.png"
        },         
      "90":
        {
         "image":"./../../../../tiled/frackinuniverse-custom/objects/avalitable3.png"
        }, 
      "91":
        {
         "image":"./../../../../tiled/frackinuniverse-custom/objects/avalitable4.png"
        },         
      "92":
        {
         "image":"./../../../../tiled/frackinuniverse-custom/objects/avaliterminal1.png"
        }, 
      "93":
        {
         "image":"./../../../../tiled/frackinuniverse-custom/objects/avaliterminal2.png"
        }, 
      "94":
        {
         "image":"./../../../../tiled/frackinuniverse-custom/objects/avaliterminal3.png"
        },
      "95":
        {
         "image":"./../../../../tiled/frackinuniverse-custom/objects/fuokeaglitchwagon.png"
        },
      "96":
        {
         "image":"./../../../../tiled/frackinuniverse-custom/objects/fugallows.png"
        },
      "97":
        {
         "image":"./../../../../tiled/frackinuniverse-custom/objects/pumpinfu.png"
        },
      "98":
        {
         "image":"./../../../../tiled/frackinuniverse-custom/objects/pumpoutfu.png"
        },
      "99":
        {
         "image":"./../../../../tiled/frackinuniverse-custom/objects/pumpoutpressurefu.png"
        },
      "100":
        {
         "image":"./../../../../tiled/frackinuniverse-custom/objects/pumpinfu.png"
        },
      "101":
        {
         "image":"./../../../../tiled/frackinuniverse-custom/objects/pumpoutpressurefu.png"
        },
      "102":
        {
         "image":"./../../../../tiled/frackinuniverse-custom/objects/pumpoutfu.png"
        },
      "103":
        {
         "image":"./../../../../tiled/frackinuniverse-custom/objects/precursordoor.png"
        },
      "104":
        {
         "image":"./../../../../tiled/frackinuniverse-custom/objects/precursorlight.png"
        },
      "105":
        {
         "image":"./../../../../tiled/frackinuniverse-custom/objects/precursorchest.png"
        },
      "106":
        {
         "image":"./../../../../tiled/frackinuniverse-custom/objects/precursordoor2.png"
        },
      "107":
        {
         "image":"./../../../../tiled/frackinuniverse-custom/objects/precursorswitch.png"
        },
      "108":
        {
         "image":"./../../../../tiled/frackinuniverse-custom/objects/precursorcorner.png"
        },
      "109":
        {
         "image":"./../../../../tiled/frackinuniverse-custom/objects/megastatue.png"
        },
      "110":
        {
         "image":"./../../../../tiled/frackinuniverse-custom/objects/precursorconverter.png"
        },
      "111":
        {
         "image":"./../../../../tiled/frackinuniverse-custom/objects/precursormachine.png"
        },
      "112":
        {
         "image":"./../../../../tiled/frackinuniverse-custom/objects/pixelgoods/mlitcometsofa.png"
        },
      "113":
        {
         "image":"./../../../../tiled/frackinuniverse-custom/objects/precursoromegagenerator.png"
        },
      "114":
        {
         "image":"./../../../../tiled/frackinuniverse-custom/objects/precursorbattery1.png"
        },
      "115":
        {
         "image":"./../../../../tiled/frackinuniverse-custom/objects/precursorterminal.png"
        },
      "116":
        {
         "image":"./../../../../tiled/frackinuniverse-custom/objects/precursorchair.png"
        },
      "117":
        {
         "image":"./../../../../tiled/frackinuniverse-custom/objects/precursorchair2.png"
        },
      "118":
        {
         "image":"./../../../../tiled/frackinuniverse-custom/objects/precursoraltar.png"
        },
      "119":
        {
         "image":"./../../../../tiled/frackinuniverse-custom/objects/precursorobeliskdual.png"
        },
      "120":
        {
         "image":"./../../../../tiled/frackinuniverse-custom/objects/precursorobelisk.png"
        },
      "121":
        {
         "image":"./../../../../tiled/frackinuniverse-custom/objects/precursortable.png"
        },
      "122":
        {
         "image":"./../../../../tiled/frackinuniverse-custom/objects/precursortrap1.png"
        },
      "123":
        {
         "image":"./../../../../tiled/frackinuniverse-custom/objects/precursorverticaldoor2.png"
        },
      "124":
        {
         "image":"./../../../../tiled/frackinuniverse-custom/objects/precursorsmelter.png"
        },
      "125":
        {
         "image":"./../../../../tiled/frackinuniverse-custom/objects/precursormatrix.png"
        },
      "126":
        {
         "image":"./../../../../tiled/frackinuniverse-custom/objects/precursordroppod.png"
        },
      "127":
        {
         "image":"./../../../../tiled/frackinuniverse-custom/objects/precursorteleporter.png"
        },
      "128":
        {
         "image":"./../../../../tiled/frackinuniverse-custom/objects/precursorteleporter.png"
        },
      "129":
        {
         "image":"./../../../../tiled/frackinuniverse-custom/objects/precursorteleporter.png"
        },
      "130":
        {
         "image":"./../../../../tiled/frackinuniverse-custom/objects/precursorconsoleswitch.png"
        },
      "131":
        {
         "image":"./../../../../tiled/frackinuniverse-custom/objects/precursorescaperadar.png"
        },
      "132":
        {
         "image":"./../../../../tiled/frackinuniverse-custom/objects/precursorpressureplatform.png"
        },
     "133":
        {
         "image":"./../../../../tiled/frackinuniverse-custom/objects/precursor1tiledoor.png"
        },
     "134":
        {
         "image":"./../../../../tiled/frackinuniverse-custom/objects/precursor1tiledoorvertical.png"
        },
     "135":
        {
         "image":"./../../../../tiled/frackinuniverse-custom/objects/fu_Bartable_Aurora.png"
        }, 
     "136":
        {
         "image":"./../../../../tiled/frackinuniverse-custom/objects/fu_Barkeep_spot_Aurora.png"
        }, 
     "137":
        {
         "image":"./../../../../tiled/frackinuniverse-custom/objects/fu_NFPA_gasoline_Mikenno.png"
        }, 
     "138":
        {
         "image":"./../../../../tiled/frackinuniverse-custom/objects/fu_NFPA_precursor_fluid_Mikenno.png"
        }, 
     "139":
        {
         "image":"./../../../../tiled/frackinuniverse-custom/objects/fu_NFPA_sulfuric_Mikenno.png"
        }, 
     "140":
        {
         "image":"./../../../../tiled/frackinuniverse-custom/objects/fu_NFPA_sulfuric_Mikenno.png"
        }, 
     "141":
        {
         "image":"./../../../../tiled/frackinuniverse-custom/objects/fu_staythefuckoutsign_Mikenno.png"
        }, 
     "142":
        {
         "image":"./../../../../tiled/frackinuniverse-custom/objects/outpostbartop.png"
        }                      
    },
 "tilewidth":285
}      