{ "margin":0,
 "name":"fu_liquids",
 "properties":
    {

    },
 "spacing":0,
 "tilecount":22,
 "tileheight":8,
 "tileproperties" : {
      "0" : {
          "//name" : "alienjuice",
          "liquid" : "alienjuice"
      },
      "1" : {
          "//name" : "bio_ooze",
          "liquid" : "bio_ooze"
      },
      "2" : {
          "//name" : "blacktar",
          "liquid" : "blacktar"
      },
      "3" : {
          "//name" : "bloodliquid",
          "liquid" : "bloodliquid"
      },
      "4" : {
          "//name" : "crystalliquid",
          "liquid" : "crystalliquid"
      },
       "5" : {
          "//name" : "darkwater",
          "liquid" : "darkwater"
      },
       "6" : {
          "//name" : "elderfluid",
          "liquid" : "elderfluid"
      },
       "7" : {
          "//name" : "fuhoney",
          "liquid" : "fuhoney"
      },
       "8" : {
          "//name" : "fuhoneyred",
          "liquid" : "fuhoneyred"
      },
       "9" : {
          "//name" : "fuironliquid",
          "liquid" : "fuironliquid"
      },
       "10" : {
          "//name" : "gravrain",
          "liquid" : "gravrain"
      },
       "11" : {
          "//name" : "helium3gas",
          "liquid" : "helium3gas"
      },
       "12" : {
          "//name" : "irradiumliquid",
          "liquid" : "irradiumliquid"
      },
       "13" : {
          "//name" : "liquidnitrogen",
          "liquid" : "liquidnitrogen"
      },
       "14" : {
          "//name" : "mercuryliquid",
          "liquid" : "mercuryliquid"
      },
       "15" : {
          "//name" : "organicsoup",
          "liquid" : "organicsoup"
      },
       "16" : {
          "//name" : "protociteliquid",
          "liquid" : "protociteliquid"
      },
       "17" : {
          "//name" : "pus",
          "liquid" : "pus"
      },
       "18" : {
          "//name" : "shadowgas",
          "liquid" : "shadowgas"
      },
       "19" : {
          "//name" : "sulphuricacid",
          "liquid" : "sulphuricacid"
      },
       "20" : {
          "//name" : "wastewater",
          "liquid" : "wastewater"
      },
       "21" : {
          "//name" : "liquidaether",
          "liquid" : "liquidaether"
      }      
 },
 
 "tiles":
    {
     "0":
        {
         "image":"./../../../../tiled/frackinuniverse-custom/liquids/alienjuice.png"
        },
     "1":
        {
         "image":"./../../../../tiled/frackinuniverse-custom/liquids/bio_ooze.png"
        },
     "2":
        {
         "image":"./../../../../tiled/frackinuniverse-custom/liquids/blacktar.png"
        },
     "3":
        {
         "image":"./../../../../tiled/frackinuniverse-custom/liquids/bloodliquid.png"
        },
     "4":
        {
         "image":"./../../../../tiled/frackinuniverse-custom/liquids/crystalliquid.png"
        },
     "5":
        {
         "image":"./../../../../tiled/frackinuniverse-custom/liquids/darkwater.png"
        },
     "6":
        {
         "image":"./../../../../tiled/frackinuniverse-custom/liquids/elderfluid.png"
        },
     "7":
        {
         "image":"./../../../../tiled/frackinuniverse-custom/liquids/fuhoney.png"
        },
     "8":
        {
         "image":"./../../../../tiled/frackinuniverse-custom/liquids/fuhoneyred.png"
        },
     "9":
        {
         "image":"./../../../../tiled/frackinuniverse-custom/liquids/fuironliquid.png"
        },
     "10":
        {
         "image":"./../../../../tiled/frackinuniverse-custom/liquids/gravrain.png"
        },
     "11":
        {
         "image":"./../../../../tiled/frackinuniverse-custom/liquids/helium3gas.png"
        },
     "12":
        {
         "image":"./../../../../tiled/frackinuniverse-custom/liquids/irradiumliquid.png"
        },
     "13":
        {
         "image":"./../../../../tiled/frackinuniverse-custom/liquids/liquidnitrogen.png"
        },
     "14":
        {
         "image":"./../../../../tiled/frackinuniverse-custom/liquids/mercuryliquid.png"
        },
     "15":
        {
         "image":"./../../../../tiled/frackinuniverse-custom/liquids/organicsoup.png"
        },
     "16":
        {
         "image":"./../../../../tiled/frackinuniverse-custom/liquids/protociteliquid.png"
        },
     "17":
        {
         "image":"./../../../../tiled/frackinuniverse-custom/liquids/pus.png"
        },
     "18":
        {
         "image":"./../../../../tiled/frackinuniverse-custom/liquids/shadowgas.png"
        },
     "19":
        {
         "image":"./../../../../tiled/frackinuniverse-custom/liquids/sulphuricacid.png"
        },
     "20":
        {
         "image":"./../../../../tiled/frackinuniverse-custom/liquids/wastewater.png"
        },
     "21":
        {
         "image":"./../../../../tiled/frackinuniverse-custom/liquids/aether.png"
        }        
    },
 "tilewidth":8
}