{
  "margin": 0,
  "name": "fu_liquidsources",
  "properties": {},
  "spacing": 0,
  "tilecount": 21,
  "tileheight": 8,
  "tilewidth": 8,
  "tileproperties": {
    "0": { "//name": "alienjuice", "liquid": "alienjuice", "source": "true" },
    "1": { "//name": "bio_ooze", "liquid": "bio_ooze", "source": "true" },
    "2": { "//name": "blacktar", "liquid": "blacktar", "source": "true" },
    "3": { "//name": "bloodliquid", "liquid": "bloodliquid", "source": "true" },
    "4": { "//name": "crystalliquid", "liquid": "crystalliquid", "source": "true" },
    "5": { "//name": "darkwater", "liquid": "darkwater", "source": "true" },
    "6": { "//name": "elderfluid", "liquid": "elderfluid", "source": "true" },
    "7": { "//name": "fuhoney", "liquid": "fuhoney", "source": "true" },
    "8": { "//name": "fuhoneyred", "liquid": "fuhoneyred", "source": "true" },
    "9": { "//name": "fuironliquid", "liquid": "fuironliquid", "source": "true" },
    "10": { "//name": "gravrain", "liquid": "gravrain", "source": "true" },
    "11": { "//name": "helium3gas", "liquid": "helium3gas", "source": "true" },
    "12": { "//name": "irradiumliquid", "liquid": "irradiumliquid", "source": "true" },
    "13": { "//name": "liquidnitrogen", "liquid": "liquidnitrogen", "source": "true" },
    "14": { "//name": "mercuryliquid", "liquid": "mercuryliquid", "source": "true" },
    "15": { "//name": "organicsoup", "liquid": "organicsoup", "source": "true" },
    "16": { "//name": "protociteliquid", "liquid": "protociteliquid", "source": "true" },
    "17": { "//name": "pus", "liquid": "pus", "source": "true" },
    "18": { "//name": "shadowgas", "liquid": "shadowgas", "source": "true" },
    "19": { "//name": "sulphuricacid", "liquid": "sulphuricacid", "source": "true" },
    "20": { "//name": "wastewater", "liquid": "wastewater", "source": "true" }
  },
  "tiles": {
    "0": { "image": "./../../../../tiled/frackinuniverse-custom/liquids/alienjuice_source.png" },
    "1": { "image": "./../../../../tiled/frackinuniverse-custom/liquids/bio_ooze_source.png" },
    "2": { "image": "./../../../../tiled/frackinuniverse-custom/liquids/blacktar_source.png" },
    "3": { "image": "./../../../../tiled/frackinuniverse-custom/liquids/bloodliquid_source.png" },
    "4": { "image": "./../../../../tiled/frackinuniverse-custom/liquids/crystalliquid_source.png" },
    "5": { "image": "./../../../../tiled/frackinuniverse-custom/liquids/darkwater_source.png" },
    "6": { "image": "./../../../../tiled/frackinuniverse-custom/liquids/elderfluid_source.png" },
    "7": { "image": "./../../../../tiled/frackinuniverse-custom/liquids/fuhoney_source.png" },
    "8": { "image": "./../../../../tiled/frackinuniverse-custom/liquids/fuhoneyred_source.png" },
    "9": { "image": "./../../../../tiled/frackinuniverse-custom/liquids/fuironliquid_source.png" },
    "10": { "image": "./../../../../tiled/frackinuniverse-custom/liquids/gravrain_source.png" },
    "11": { "image": "./../../../../tiled/frackinuniverse-custom/liquids/helium3gas_source.png" },
    "12": { "image": "./../../../../tiled/frackinuniverse-custom/liquids/irradiumliquid_source.png" },
    "13": { "image": "./../../../../tiled/frackinuniverse-custom/liquids/liquidnitrogen_source.png" },
    "14": { "image": "./../../../../tiled/frackinuniverse-custom/liquids/mercuryliquid_source.png" },
    "15": { "image": "./../../../../tiled/frackinuniverse-custom/liquids/organicsoup_source.png" },
    "16": { "image": "./../../../../tiled/frackinuniverse-custom/liquids/protociteliquid_source.png" },
    "17": { "image": "./../../../../tiled/frackinuniverse-custom/liquids/pus_source.png" },
    "18": { "image": "./../../../../tiled/frackinuniverse-custom/liquids/shadowgas_source.png" },
    "19": { "image": "./../../../../tiled/frackinuniverse-custom/liquids/sulphuricacid_source.png" },
    "20": { "image": "./../../../../tiled/frackinuniverse-custom/liquids/wastewater_source.png" }
  }
}
