{ "margin":0,
 "name":"fu_mine",
 "properties":
    {},
 "spacing":0,
 "tilecount":12,
 "tileheight":279,
  "tileproperties" : {
      "0" : {
          "object" : "minehazardsign",
          "imagePositionX" : "-16",
          "imagePositionY" : "-8"
      },
      "1" : {
          "object" : "minefence",
          "imagePositionX" : "-16",
          "imagePositionY" : "0"
      },
      "2" : {
          "object" : "minedoor",
          "imagePositionX" : "-20",
          "imagePositionY" : "0"
      },
      "3" : {
          "object" : "cmineduct",
          "imagePositionX" : "-24",
          "imagePositionY" : "0"
      },
      "4" : {
          "object" : "minecrusher",
          "imagePositionX" : "-24",
          "imagePositionY" : "0"
      },
      "5" : {
          "object" : "minecrushermachine",
          "imagePositionX" : "-24",
          "imagePositionY" : "0"
      },
      "6" : {
          "object" : "hmineduct",
          "imagePositionX" : "-24",
          "imagePositionY" : "0"
      },
      "7" : {
          "object" : "mineduct",
          "imagePositionX" : "-24",
          "imagePositionY" : "0"
      },
      "8" : {
          "object" : "smineduct",
          "imagePositionX" : "-24",
          "imagePositionY" : "0"
      },
      "9" : {
          "object" : "emptyminecontainer2",
          "imagePositionX" : "-24",
          "imagePositionY" : "0"
      },
      "10" : {
          "object" : "minecontainer2",
          "imagePositionX" : "-24",
          "imagePositionY" : "0"
      },
      "11" : {
          "object" : "minebelt2",
          "imagePositionX" : "-20",
          "imagePositionY" : "0"
      }                     
    },
      
 "tiles":
    {
     "0":
        {
         "image":"./../../../../tiled/frackinuniverse-custom/objects/minehazardsign.png"
        },
     "1":
        {
         "image":"./../../../../tiled/frackinuniverse-custom/objects/minefence.png"
        },
     "2":
        {
         "image":"./../../../../tiled/frackinuniverse-custom/objects/minedoor.png"
        },
     "3":
        {
         "image":"./../../../../tiled/frackinuniverse-custom/objects/cmineduct.png"
        },
     "4":
        {
         "image":"./../../../../tiled/frackinuniverse-custom/objects/minecrusher.png"
        },
     "5":
        {
         "image":"./../../../../tiled/frackinuniverse-custom/objects/minecrushermachine.png"
        },
     "6":
        {
         "image":"./../../../../tiled/frackinuniverse-custom/objects/hmineduct.png"
        },
     "7":
        {
         "image":"./../../../../tiled/frackinuniverse-custom/objects/mineduct.png"
        },
     "8":
        {
         "image":"./../../../../tiled/frackinuniverse-custom/objects/smineduct.png"
        },
     "9":
        {
         "image":"./../../../../tiled/frackinuniverse-custom/objects/emptyminecontainer2.png"
        },
     "10":
        {
         "image":"./../../../../tiled/frackinuniverse-custom/objects/minecontainer2.png"
        },
     "11":
        {
         "image":"./../../../../tiled/frackinuniverse-custom/objects/minebelt2.png"
        }        
    },
 "tilewidth":285
}      