{ "columns":0,
 "grid":
    {
     "height":1,
     "orientation":"orthogonal",
     "width":1
    },
 "margin":0,
 "name":"fu_objectsgeneric",
 "spacing":0,
 "tilecount":5,
 "tileheight":80,
 "tileproperties":
    {
     "0":
        {
         "\/\/description":"A strange and ancient artifact of unknown origin.",
         "\/\/name":"timeobelisk",
         "\/\/shortdescription":"Cosmic Obelisk",
         "imagePositionX":"-8",
         "imagePositionY":"0",
         "object":"timeobelisk"
        },
     "1":
        {
         "imagePositionX":"-16",
         "imagePositionY":"0",
         "object":"fu_perfectdoor"
        },
     "2":
        {
         "imagePositionX":"-24",
         "imagePositionY":"0",
         "object":"labdoorhuge"
        },
     "3":
        {
         "imagePositionX":"0",
         "imagePositionY":"0",
         "object":"labhatchhuge"
        },
     "4":
        {
         "imagePositionX":"0",
         "imagePositionY":"0",
         "object":"labhatchplatformhuge"
        }
    },
 "tilepropertytypes":
    {
     "0":
        {
         "\/\/description":"string",
         "\/\/name":"string",
         "\/\/shortdescription":"string",
         "imagePositionX":"string",
         "imagePositionY":"string",
         "object":"string"
        },
     "1":
        {
         "imagePositionX":"string",
         "imagePositionY":"string",
         "object":"string"
        },
     "2":
        {
         "imagePositionX":"string",
         "imagePositionY":"string",
         "object":"string"
        },
     "3":
        {
         "imagePositionX":"string",
         "imagePositionY":"string",
         "object":"string"
        },
     "4":
        {
         "imagePositionX":"string",
         "imagePositionY":"string",
         "object":"string"
        }
    },
 "tiles":
    {
     "0":
        {
         "image":"..\/..\/..\/..\/tiled\/frackinuniverse-custom\/objects\/timeobelisk.png",
         "imageheight":40,
         "imagewidth":16
        },
     "1":
        {
         "image":"..\/..\/..\/..\/tiled\/frackinuniverse-custom\/objects\/fu_perfectdoor.png",
         "imageheight":40,
         "imagewidth":4
        },
     "2":
        {
         "image":"..\/..\/..\/..\/tiled\/frackinuniverse-custom\/objects\/labgear\/labdoorhuge.png",
         "imageheight":80,
         "imagewidth":24
        },
     "3":
        {
         "image":"..\/..\/..\/..\/tiled\/frackinuniverse-custom\/objects\/labgear\/labhatchhuge.png",
         "imageheight":24,
         "imagewidth":80
        },
     "4":
        {
         "image":"..\/..\/..\/..\/tiled\/frackinuniverse-custom\/objects\/labgear\/labhatchplatformhuge.png",
         "imageheight":24,
         "imagewidth":80
        }
    },
 "tilewidth":80,
 "type":"tileset"
}