{ "margin":0,
 "name":"fu_quests",
 "properties":
    {},
 "spacing":0,
 "tilecount":17,
 "tileheight":279,
  "tileproperties" : {
      "0" : {
          "object" : "researchnotes",
          "imagePositionX" : "-20",
          "imagePositionY" : "0" 
      },
      "1" : {
          "object" : "wagner"
      },
      "2" : {
          "object" : "weaponupgradeanvil2",
          "imagePositionX" : "-44",
          "imagePositionY" : "0"          
      },
      "3" : {
          "object" : "armoryoutpost",
          "imagePositionX" : "-44",
          "imagePositionY" : "0"          
      },
      "4" : {
          "object" : "chemlaboutpost",
          "imagePositionX" : "-28",
          "imagePositionY" : "0"          
      },
      "5" : {
          "object" : "designlaboutpost",
          "imagePositionX" : "-40",
          "imagePositionY" : "0"          
      },
      "6" : {
          "object" : "nanofabricatoroutpost",
          "imagePositionX" : "-16",
          "imagePositionY" : "0"          
      },
      "7" : {
          "object" : "powerstationoutpost",
          "imagePositionX" : "-44",
          "imagePositionY" : "0"          
      },
      "8" : {
          "object" : "prototyperoutpost",
          "imagePositionX" : "-28",
          "imagePositionY" : "0"          
      },
      "9" : {
          "object" : "precursorartifacttutorial",
          "imagePositionX" : "0",
          "imagePositionY" : "0"          
      },
      "10" : {
          "object" : "poptopcavern",
          "imagePositionX" : "-24",
          "imagePositionY" : "0"          
      },
      "11" : {
          "object" : "fuancientartifacttutorial",
          "imagePositionX" : "0",
          "imagePositionY" : "0"          
      },
      "12" : {
          "object" : "fuancientartifacttutorial2",
          "imagePositionX" : "0",
          "imagePositionY" : "0"          
      },
      "13" : {
          "object" : "fuancientconsole",
          "imagePositionX" : "-46",
          "imagePositionY" : "0"          
      },
      "14" : {
          "object" : "ancientdoorshoot",
          "imagePositionX" : "-24",
          "imagePositionY" : "0"          
      },
      "15" : {
          "object" : "radienshop",
          "imagePositionX" : "-28",
          "imagePositionY" : "0"          
      },
      "16" : {
          "object" : "drugdealer",
          "imagePositionX" : "-36",
          "imagePositionY" : "0"          
      }           
    },
      
 "tiles":
    {
     "0":
        {
         "image":"./../../../../tiled/frackinuniverse-custom/objects/researchnotes.png"
        },
     "1":
        {
         "image":"./../../../../tiled/frackinuniverse-custom/objects/wagner.png"
        },
     "2":
        {
         "image":"./../../../../tiled/frackinuniverse-custom/objects/weaponupgradeanvil.png"
        },
     "3":
        {
         "image":"./../../../../tiled/frackinuniverse-custom/objects/stations/armory.png"
        },
     "4":
        {
         "image":"./../../../../tiled/frackinuniverse-custom/objects/stations/chemlab.png"
        },
     "5":
        {
         "image":"./../../../../tiled/frackinuniverse-custom/objects/stations/designlab.png"
        },
     "6":
        {
         "image":"./../../../../tiled/frackinuniverse-custom/objects/stations/nanofabricator.png"
        },
     "7":
        {
         "image":"./../../../../tiled/frackinuniverse-custom/objects/stations/powerstation.png"
        },
     "8":
        {
         "image":"./../../../../tiled/frackinuniverse-custom/objects/stations/prototyper.png"
        },
     "9":
        {
         "image":"./../../../../tiled/frackinuniverse-custom/objects/precursorartifact.png"
        },
     "10":
        {
         "image":"./../../../../tiled/frackinuniverse-custom/objects/poptopcavern.png"
        },
     "11":
        {
         "image":"./../../../../tiled/frackinuniverse-custom/objects/fuancientartifact.png"
        },
     "12":
        {
         "image":"./../../../../tiled/frackinuniverse-custom/objects/fuancientartifact.png"
        },
     "13":
        {
         "image":"./../../../../tiled/frackinuniverse-custom/objects/fuancientconsole.png"
        },
     "14":
        {
         "image":"./../../../../tiled/frackinuniverse-custom/objects/ancientdoorshoot.png"
        },
     "15":
        {
         "image":"./../../../../tiled/frackinuniverse-custom/objects/radienshop.png"
        },
     "16":
        {
         "image":"./../../../../tiled/frackinuniverse-custom/objects/drugdealer.png"
        }                
    },
 "tilewidth":285
}