{ "margin":0,
 "name":"fu_spacestation",
 "properties":
    {},
 "spacing":0,
 "tilecount":10,
 "tileheight":279,
  "tileproperties" : {
      "0" : {
          "object" : "spacestationguiconsole",
          "imagePositionX" : "-8",
          "imagePositionY" : "0"
      },
      "1" : {
          "object" : "spacestationguiconsole_medical",
          "imagePositionX" : "-8",
          "imagePositionY" : "0"
      },
      "2" : {
          "object" : "spacestationguiconsole_military",
          "imagePositionX" : "-8",
          "imagePositionY" : "0"
      },
      "3" : {
          "object" : "spacestationguiconsole_scientific",
          "imagePositionX" : "-8",
          "imagePositionY" : "0"
      },
      "4" : {
          "object" : "spacestationguiconsole_trading",
          "imagePositionX" : "-8",
          "imagePositionY" : "0"
      },
      "5" : {
          "object" : "racialspacestationconsole",
          "imagePositionX" : "-8",
          "imagePositionY" : "0"
      },
      "6" : {
          "object" : "racialspacestationconsole_medical",
          "imagePositionX" : "-8",
          "imagePositionY" : "0"
      },
      "7" : {
          "object" : "racialspacestationconsole_military",
          "imagePositionX" : "-8",
          "imagePositionY" : "0"
      },
      "8" : {
          "object" : "racialspacestationconsole_scientific",
          "imagePositionX" : "-8",
          "imagePositionY" : "0"
      },
      "9" : {
          "object" : "racialspacestationconsole_trading",
          "imagePositionX" : "-8",
          "imagePositionY" : "0"
      }     
    },
      
 "tiles":
    {
     "0":
        {
         "image":"./../../../../tiled/frackinuniverse-custom/objects/spacestation/spacestationguiconsole.png"
        },
     "1":
        {
         "image":"./../../../../tiled/frackinuniverse-custom/objects/spacestation/spacestationguiconsole_medical.png"
        },
     "2":
        {
         "image":"./../../../../tiled/frackinuniverse-custom/objects/spacestation/spacestationguiconsole_military.png"
        },
     "3":
        {
         "image":"./../../../../tiled/frackinuniverse-custom/objects/spacestation/spacestationguiconsole_scientific.png"
        },
     "4":
        {
         "image":"./../../../../tiled/frackinuniverse-custom/objects/spacestation/spacestationguiconsole_trading.png"
        },
     "5":
        {
         "image":"./../../../../tiled/frackinuniverse-custom/objects/spacestation/base.png"
        },
     "6":
        {
         "image":"./../../../../tiled/frackinuniverse-custom/objects/spacestation/medical.png"
        },
     "7":
        {
         "image":"./../../../../tiled/frackinuniverse-custom/objects/spacestation/military.png"
        },
     "8":
        {
         "image":"./../../../../tiled/frackinuniverse-custom/objects/spacestation/scientific.png"
        },
     "9":
        {
         "image":"./../../../../tiled/frackinuniverse-custom/objects/spacestation/trading.png"
        }                
    },
 "tilewidth":285
}      