{ "margin":0,
 "name":"fu_stations",
 "properties":
    {},
 "spacing":0,
 "tilecount":71,
 "tileheight":279,
  "tileproperties" : {
      "0" : {
          "object" : "armory",
          "imagePositionX" : "-44",
          "imagePositionY" : "0"
      },
      "1" : {
          "object" : "beerkeg",
          "imagePositionX" : "0",
          "imagePositionY" : "0"
      }, 
      "2" : {
          "object" : "smallwoodencrate1",
          "imagePositionX" : "0",
          "imagePositionY" : "0"
      }, 
      "3" : {
          "object" : "champagnebucket",
          "imagePositionX" : "0",
          "imagePositionY" : "0"
      }, 
      "4" : {
          "object" : "boozekit",
          "imagePositionX" : "0",
          "imagePositionY" : "0"
      },      
      "5" : {
          "object" : "chemlab",
          "imagePositionX" : "-28",
          "imagePositionY" : "0"
      }, 
      "6" : {
          "object" : "clonelab",
          "imagePositionX" : "-8",
          "imagePositionY" : "0"
      },   
      "7" : {
          "object" : "clothingfabricator",
          "imagePositionX" : "0",
          "imagePositionY" : "0"
      }, 
      "8" : {
          "object" : "designlab",
          "imagePositionX" : "-40",
          "imagePositionY" : "0"
      },
      "9" : {
          "object" : "distillery",
          "imagePositionX" : "0",
          "imagePositionY" : "0"
      },
      "10" : {
          "object" : "extractionlab",
          "imagePositionX" : "0",
          "imagePositionY" : "0"
      },
      "11" : {
          "object" : "extractionlabadv",
          "imagePositionX" : "0",
          "imagePositionY" : "0"
      },
      "12" : {
          "object" : "fermenter",
          "imagePositionX" : "0",
          "imagePositionY" : "0"
      },
      "13" : {
          "object" : "fissionfurnace",
          "imagePositionX" : "0",
          "imagePositionY" : "0"
      },
      "14" : {
          "object" : "winepress",
          "imagePositionX" : "0",
          "imagePositionY" : "0"
      },
      "15" : {
          "object" : "mashingtun",
          "imagePositionX" : "0",
          "imagePositionY" : "0"
      },     
      "16" : {
          "object" : "medbaybed",
          "imagePositionX" : "-24",
          "imagePositionY" : "0"
      },
      "17" : {
          "object" : "nanofabricator",
          "imagePositionX" : "-16",
          "imagePositionY" : "0"
      },
      "18" : {
          "object" : "powerpress",
          "imagePositionX" : "0",
          "imagePositionY" : "0"
      },
      "19" : {
          "object" : "prototyper",
          "imagePositionX" : "-28",
          "imagePositionY" : "0"
      },      
       "20" : {
          "object" : "rainbarrel",
          "imagePositionX" : "0",
          "imagePositionY" : "0"
      },     
      "21" : {
          "object" : "samplingarray",
          "imagePositionX" : "0",
          "imagePositionY" : "0"
      },
      "22" : {
          "object" : "signpub",
          "imagePositionX" : "0",
          "imagePositionY" : "0"
      },
      "23" : {
          "object" : "sproutingtable",
          "imagePositionX" : "0",
          "imagePositionY" : "0"
      },
      "24" : {
          "object" : "genecabinet",
          "imagePositionX" : "-8",
          "imagePositionY" : "0"
      },
      "25" : {
          "object" : "genestorage",
          "imagePositionX" : "-8",
          "imagePositionY" : "0"
      },
      "26" : {
          "object" : "voidstorage",
          "imagePositionX" : "-8",
          "imagePositionY" : "0"
      },  
      "27" : {
          "object" : "xenostation",
          "imagePositionX" : "0",
          "imagePositionY" : "0"
      }, 
      "28" : {
          "object" : "xenostationadv",
          "imagePositionX" : "-8",
          "imagePositionY" : "0"
      },
      "29" : {
          "object" : "centrifuge",
          "imagePositionX" : "0",
          "imagePositionY" : "0"
      },
      "30" : {
          "object" : "centrifuge2",
          "imagePositionX" : "0",
          "imagePositionY" : "0"
      },
      "31" : {
          "object" : "fu_blastfurnace",
          "imagePositionX" : "0",
          "imagePositionY" : "0"
      },
      "32" : {
          "object" : "fu_quantumgenerator",
          "imagePositionX" : "0",
          "imagePositionY" : "0"
      },
      "33" : {
          "object" : "fu_solararray",
          "imagePositionX" : "0",
          "imagePositionY" : "0"
      },
      "34" : {
          "object" : "fu_upgrade",
          "imagePositionX" : "-24",
          "imagePositionY" : "0"
      },
      "35" : {
          "object" : "isn_arcsmelter",
          "imagePositionX" : "0",
          "imagePositionY" : "0"
      },
      "36" : {
          "object" : "isn_atmoscondenser",
          "imagePositionX" : "0",
          "imagePositionY" : "0"
      },
      "37" : {
          "object" : "isn_battery_t1",
          "imagePositionX" : "0",
          "imagePositionY" : "0"
      },
      "38" : {
          "object" : "isn_battery_t2",
          "imagePositionX" : "0",
          "imagePositionY" : "0"
      },
      "39" : {
          "object" : "isn_battery_t3_ceru",
          "imagePositionX" : "0",
          "imagePositionY" : "0"
      },
      "40" : {
          "object" : "isn_battery_t3_fero",
          "imagePositionX" : "0",
          "imagePositionY" : "0"
      },
      "41" : {
          "object" : "isn_fissionreactor",
          "imagePositionX" : "0",
          "imagePositionY" : "0"
      },
      "42" : {
          "object" : "isn_hydroponicstray",
          "imagePositionX" : "0",
          "imagePositionY" : "0"
      },
      "43" : {
          "object" : "isn_incinerator",
          "imagePositionX" : "0",
          "imagePositionY" : "0"
      },
      "44" : {
          "object" : "isn_powdersifter",
          "imagePositionX" : "0",
          "imagePositionY" : "0"
      },
      "45" : {
          "object" : "isn_powersensor",
          "imagePositionX" : "0",
          "imagePositionY" : "0"
      },
      "46" : {
          "object" : "isn_radiostation",
          "imagePositionX" : "0",
          "imagePositionY" : "0"
      },
      "47" : {
          "object" : "isn_solarpanel",
          "imagePositionX" : "0",
          "imagePositionY" : "0"
      },
      "48" : {
          "object" : "isn_thermalgenerator",
          "imagePositionX" : "0",
          "imagePositionY" : "0"
      },
      "49" : {
          "object" : "quantumextractor",
          "imagePositionX" : "0",
          "imagePositionY" : "0"
      },
      "50" : {
          "object" : "normalalveary",
          "imagePositionX" : "0",
          "imagePositionY" : "0"
      },
      "51" : {
          "object" : "normalapiary",
          "imagePositionX" : "0",
          "imagePositionY" : "0"
      }, 
      "52" : {
          "object" : "beerefuge",
          "imagePositionX" : "-53",
          "imagePositionY" : "0"
      },
      "53" : {
          "object" : "beestation",
          "imagePositionX" : "0",
          "imagePositionY" : "0"
      },
      "54" : {
          "object" : "honeytable",
          "imagePositionX" : "0",
          "imagePositionY" : "0"
      }, 
      "55" : {
          "object" : "honeyextractor",
          "imagePositionX" : "0",
          "imagePositionY" : "0"
      },
      "56" : {
          "object" : "honeyjarrer",
          "imagePositionX" : "0",
          "imagePositionY" : "0"
      },
      "57" : {
          "object" : "industrialcentrifuge",
          "imagePositionX" : "0",
          "imagePositionY" : "0"
      },
      "58" : {
          "object" : "ironcentrifuge",
          "imagePositionX" : "0",
          "imagePositionY" : "0"
      },
      "59" : {
          "object" : "scentedapiary",
          "imagePositionX" : "0",
          "imagePositionY" : "0"
      },
      "60" : {
          "object" : "woodencentrifuge",
          "imagePositionX" : "0",
          "imagePositionY" : "0"
      },
      "61" : {
          "object" : "genesequencer",
          "imagePositionX" : "-14",
          "imagePositionY" : "0"
      },
      "62" : {
          "object" : "electronmicroscope",
          "imagePositionX" : "-8",
          "imagePositionY" : "0"
      },
      "63" : {
          "object" : "guidestorage",
          "imagePositionX" : "-16",
          "imagePositionY" : "0"
      },
      "64" : {
          "object" : "powerstation",
          "imagePositionX" : "-44",
          "imagePositionY" : "0"
      },
      "65" : {
          "object" : "fissionfurnacenew",
          "imagePositionX" : "0",
          "imagePositionY" : "0"
      },
      "66" : {
          "object" : "labvendingmachine",
          "imagePositionX" : "0",
          "imagePositionY" : "0"
      },
      "67" : {
          "object" : "moonlitcomet",
          "imagePositionX" : "-32",
          "imagePositionY" : "0"
      },
      "68" : {
          "object" : "pongmachine",
          "imagePositionX" : "-8",
          "imagePositionY" : "0"
      },
      "69" : {
          "object" : "crewshop",
          "imagePositionX" : "-64",
          "imagePositionY" : "0"
      },
      "70" : {
          "object" : "crewsign",
          "imagePositionX" : "-16",
          "imagePositionY" : "0"
      }        
    },
      
 "tiles":
    {
     "0":
        {
         "image":"./../../../../tiled/frackinuniverse-custom/objects/stations/armory.png"
        },
     "1":
        {
         "image":"./../../../../tiled/frackinuniverse-custom/objects/stations/beerkeg.png"
        },
     "2":
        {
         "image":"./../../../../tiled/frackinuniverse-custom/objects/stations/smallwoodencrate1.png"
        },  
     "3":
        {
         "image":"./../../../../tiled/frackinuniverse-custom/objects/stations/champagnebucket.png"
        },  
     "4":
        {
         "image":"./../../../../tiled/frackinuniverse-custom/objects/stations/boozekit.png"
        }, 
     "5":
        {
         "image":"./../../../../tiled/frackinuniverse-custom/objects/stations/chemlab.png"
        },  
     "6":
        {
         "image":"./../../../../tiled/frackinuniverse-custom/objects/stations/clonelab.png"
        },         
     "7":
        {
         "image":"./../../../../tiled/frackinuniverse-custom/objects/stations/clothingfabricator.png"
        }, 
     "8":
        {
         "image":"./../../../../tiled/frackinuniverse-custom/objects/stations/designlab.png"
        },     
     "9":
        {
         "image":"./../../../../tiled/frackinuniverse-custom/objects/stations/distillery.png"
        },  
     "10":
        {
         "image":"./../../../../tiled/frackinuniverse-custom/objects/stations/extractionlab.png"
        }, 
     "11":
        {
         "image":"./../../../../tiled/frackinuniverse-custom/objects/stations/extractionlabadv.png"
        },  
     "12":
        {
         "image":"./../../../../tiled/frackinuniverse-custom/objects/stations/fermenter.png"
        }, 
     "13":
        {
         "image":"./../../../../tiled/frackinuniverse-custom/objects/stations/fissionfurnace.png"
        },    
     "14":
        {
         "image":"./../../../../tiled/frackinuniverse-custom/objects/stations/fruitpress.png"
        },        
     "15":
        {
         "image":"./../../../../tiled/frackinuniverse-custom/objects/stations/mashingtun.png"
        },
     "16":
        {
         "image":"./../../../../tiled/frackinuniverse-custom/objects/stations/medbaybed.png"
        }, 
     "17":
        {
         "image":"./../../../../tiled/frackinuniverse-custom/objects/stations/nanofabricator.png"
        },  
     "18":
        {
         "image":"./../../../../tiled/frackinuniverse-custom/objects/stations/powerpress.png"
        },
     "19":
        {
         "image":"./../../../../tiled/frackinuniverse-custom/objects/stations/prototyper.png"
        },  
     "20":
        {
         "image":"./../../../../tiled/frackinuniverse-custom/objects/stations/rainbarrel.png"
        }, 
     "21":
        {
         "image":"./../../../../tiled/frackinuniverse-custom/objects/stations/samplingarray.png"
        },        
     "22":
        {
         "image":"./../../../../tiled/frackinuniverse-custom/objects/stations/signpub.png"
        },  
     "23":
        {
         "image":"./../../../../tiled/frackinuniverse-custom/objects/stations/sproutingtable.png"
        },  
     "24":
        {
         "image":"./../../../../tiled/frackinuniverse-custom/objects/stations/genecabinet.png"
        },   
     "25":
        {
         "image":"./../../../../tiled/frackinuniverse-custom/objects/stations/genestorage.png"
        },        
     "26":
        {
         "image":"./../../../../tiled/frackinuniverse-custom/objects/stations/voidstorage.png"
        },        
     "27":
        {
         "image":"./../../../../tiled/frackinuniverse-custom/objects/stations/xenostation.png"
        },       
     "28":
        {
         "image":"./../../../../tiled/frackinuniverse-custom/objects/stations/xenostationadv.png"
        },        
     "29":
        {
         "image":"./../../../../tiled/frackinuniverse-custom/objects/stations/centrifuge.png"
        },        
     "30":
        {
         "image":"./../../../../tiled/frackinuniverse-custom/objects/stations/centrifuge2a.png"
        },  
     "31":
        {
         "image":"./../../../../tiled/frackinuniverse-custom/objects/stations/fu_blastfurnace.png"
        },        
     "32":
        {
         "image":"./../../../../tiled/frackinuniverse-custom/objects/stations/fu_quantumgenerator.png"
        },        
     "33":
        {
         "image":"./../../../../tiled/frackinuniverse-custom/objects/stations/fu_solararray.png"
        },    
     "34":
        {
         "image":"./../../../../tiled/frackinuniverse-custom/objects/stations/fu_upgrade.png"
        },        
     "35":
        {
         "image":"./../../../../tiled/frackinuniverse-custom/objects/stations/isn_arcsmelter.png"
        },         
     "36":
        {
         "image":"./../../../../tiled/frackinuniverse-custom/objects/stations/isn_atmoscondenser.png"
        },         
     "37":
        {
         "image":"./../../../../tiled/frackinuniverse-custom/objects/stations/isn_battery_t1.png"
        },         
     "38":
        {
         "image":"./../../../../tiled/frackinuniverse-custom/objects/stations/isn_battery_t2.png"
        },        
     "39":
        {
         "image":"./../../../../tiled/frackinuniverse-custom/objects/stations/isn_battery_t3_ceru.png"
        },         
     "40":
        {
         "image":"./../../../../tiled/frackinuniverse-custom/objects/stations/isn_battery_t3_fero.png"
        }, 
     "41":
        {
         "image":"./../../../../tiled/frackinuniverse-custom/objects/stations/isn_fissionreactor.png"
        },   
     "42":
        {
         "image":"./../../../../tiled/frackinuniverse-custom/objects/stations/isn_hydroponicstray.png"
        },    
     "43":
        {
         "image":"./../../../../tiled/frackinuniverse-custom/objects/stations/isn_incinerator.png"
        },        
     "44":
        {
         "image":"./../../../../tiled/frackinuniverse-custom/objects/stations/isn_powdersifter.png"
        },        
     "45":
        {
         "image":"./../../../../tiled/frackinuniverse-custom/objects/stations/isn_powersensor.png"
        },      
     "46":
        {
         "image":"./../../../../tiled/frackinuniverse-custom/objects/stations/isn_radiostation.png"
        },  
     "47":
        {
         "image":"./../../../../tiled/frackinuniverse-custom/objects/stations/isn_solarpanel.png"
        },        
     "48":
        {
         "image":"./../../../../tiled/frackinuniverse-custom/objects/stations/isn_thermalgenerator.png"
        },        
     "49":
        {
         "image":"./../../../../tiled/frackinuniverse-custom/objects/stations/quantumextractor.png"
        },
     "50":
        {
         "image":"./../../../../tiled/frackinuniverse-custom/objects/stations/normalalveary.png"
        },
     "51":
        {
         "image":"./../../../../tiled/frackinuniverse-custom/objects/stations/normalapiary.png"
        },        
     "52":
        {
         "image":"./../../../../tiled/frackinuniverse-custom/objects/stations/beerefuge.png"
        },   
     "53":
        {
         "image":"./../../../../tiled/frackinuniverse-custom/objects/stations/beestation.png"
        },        
     "54":
        {
         "image":"./../../../../tiled/frackinuniverse-custom/objects/stations/honeytable.png"
        },        
     "55":
        {
         "image":"./../../../../tiled/frackinuniverse-custom/objects/stations/honeyextractor.png"
        },        
     "56":
        {
         "image":"./../../../../tiled/frackinuniverse-custom/objects/stations/honeyjarrer.png"
        },        
     "57":
        {
         "image":"./../../../../tiled/frackinuniverse-custom/objects/stations/industrialcentrifuge.png"
        },        
     "58":
        {
         "image":"./../../../../tiled/frackinuniverse-custom/objects/stations/ironcentrifuge.png"
        },        
     "59":
        {
         "image":"./../../../../tiled/frackinuniverse-custom/objects/stations/scentedapiary.png"
        },        
     "60":
        {
         "image":"./../../../../tiled/frackinuniverse-custom/objects/stations/woodencentrifuge.png"
        },
     "61":
        {
         "image":"./../../../../tiled/frackinuniverse-custom/objects/stations/genesequencer.png"
        },
     "62":
        {
         "image":"./../../../../tiled/frackinuniverse-custom/objects/stations/electronmicroscopeleft.png"
        },
     "63":
        {
         "image":"./../../../../tiled/frackinuniverse-custom/objects/stations/guidestorage.png"
        },
     "64":
        {
         "image":"./../../../../tiled/frackinuniverse-custom/objects/stations/powerstation.png"
        },
     "65":
        {
         "image":"./../../../../tiled/frackinuniverse-custom/objects/stations/fissionfurnacenew.png"
        },
     "66":
        {
         "image":"./../../../../tiled/frackinuniverse-custom/objects/stations/labvendingmachinelit.png"
        },
     "67":
        {
         "image":"./../../../../tiled/frackinuniverse-custom/objects/stations/moonlitcomet.png"
        },
     "68":
        {
         "image":"./../../../../tiled/frackinuniverse-custom/objects/pong.png"
        },
     "69":
        {
         "image":"./../../../../tiled/frackinuniverse-custom/objects/stations/crewshop.png"
        },
     "70":
        {
         "image":"./../../../../tiled/frackinuniverse-custom/objects/stations/crewsign.png"
        }           
    },
 "tilewidth":285
}