{
  "margin" : 0,
  "name" : "fu_wire",
  "properties" : {
  },
  "spacing" : 0,
  "tilecount" : 4,
  "tileheight" : 208,
  "tileproperties" : {
    "0" : {
      "//description" : "An overly-complicated gate! Who knows what inputs are needed...",
      "//name" : "fu_gated",
      "//shortdescription" : "Black Box Logic Gate",
      "imagePositionX" : "-32",
      "imagePositionY" : "-8",
      "object" : "fu_gated"
    },
    "10" : {
      "//description" : "Connect input node to signal and output node to output pump. ",
      "//name" : "pumpinfu",
      "//shortdescription" : "Liquid Pump",
      "imagePositionX" : "0",
      "imagePositionY" : "0",
      "object" : "pumpinfu"
    },
    "11" : {
      "//description" : "Standard output pump.",
      "//name" : "pumpoutfu",
      "//shortdescription" : "Output Pump",
      "imagePositionX" : "0",
      "imagePositionY" : "0",
      "object" : "pumpoutfu"
    },
    "12" : {
      "//description" : "This output pressurizes liquid it releases.",
      "//name" : "pumpoutpressurefu",
      "//shortdescription" : "Pressure Pump",
      "imagePositionX" : "0",
      "imagePositionY" : "0",
      "object" : "pumpoutpressurefu"
    }
  },
  "tiles" : {
    "0" : {
      "image" : "./../../../../tiled/frackinuniverse-custom/objects/fu_gated.png"
    },
    "10" : {
      "image" : "./../../../../tiled/frackinuniverse-custom/objects/pumpinfu.png"
    },
    "11" : {
      "image" : "./../../../../tiled/frackinuniverse-custom/objects/pumpoutfu.png"
    },
    "12" : {
      "image" : "./../../../../tiled/frackinuniverse-custom/objects/pumpoutfu.png"
    }
  },
  "tilewidth" : 160
}
