{ "columns":0,
 "margin":0,
 "name":"FUmain2",
 "spacing":0,
 "tilecount":121,
 "tileheight":8,
 "tileproperties":
    {
     "0":
        {
         "material":"avaliaeroponics"
        },
     "1":
        {
         "material":"avalichits"
        },
     "10":
        {
         "material":"peglacigiantek"
        },
     "100":
        {
         "material":"precursorwall"
        },
     "101":
        {
         "material":"precursorfloor"
        },
     "102":
        {
         "material":"precursorglasswall"
        },
     "103":
        {
         "material":"precursordetail"
        },
     "104":
        {
         "material":"precursordecorative"
        },
     "105":
        {
         "material":"precursorgirdir"
        },
     "106":
        {
         "material":"precursorpillar"
        },
     "107":
        {
         "material":"precursorchain"
        },
     "108":
        {
         "material":"precursorfloor2"
        },
     "109":
        {
         "material":"precursorgirder"
        },
     "11":
        {
         "material":"peglacihexpane"
        },
     "110":
        {
         "material":"precursorsloped"
        },
     "111":
        {
         "material":"flowerybars"
        },
     "112":
        {
         "material":"blacksteelblock"
        },
     "113":
        {
         "material":"fancywoodstairs"
        },
     "114":
        {
         "material":"precursorpipe"
        },
     "115":
        {
         "material":"redwoodbark"
        },
     "116":
        {
         "material":"retexdirt"
        },
     "117":
        {
         "material":"boneyflesh"
        },
     "118":
        {
         "material":"charredbonematerial"
        },
     "119":
        {
         "material":"harrowstone"
        },
     "12":
        {
         "material":"peglacihorcable"
        },
     "120":
        {
         "material":"fuoldtimber"
        },
     "13":
        {
         "material":"peglaciicecolumn"
        },
     "14":
        {
         "material":"peglaciinscribedpykreteblock"
        },
     "15":
        {
         "material":"peglacimetalblock"
        },
     "16":
        {
         "material":"peglacipykreteblock"
        },
     "17":
        {
         "material":"peglacipykretedecor"
        },
     "18":
        {
         "material":"peglacipykretefoundation"
        },
     "19":
        {
         "material":"peglacipykretestrip"
        },
     "2":
        {
         "material":"avalidarkmetal2"
        },
     "20":
        {
         "material":"peglacivertcable"
        },
     "21":
        {
         "material":"retexironblock"
        },
     "22":
        {
         "material":"retexironpipe"
        },
     "23":
        {
         "material":"retexaetherdustpillar"
        },
     "24":
        {
         "material":"retexwallcables"
        },
     "25":
        {
         "material":"steelpartblock"
        },
     "26":
        {
         "material":"steelmetal"
        },
     "27":
        {
         "material":"titaniumwallblock"
        },
     "28":
        {
         "material":"peglacimetalscreen"
        },
     "29":
        {
         "material":"purpleconsole"
        },
     "3":
        {
         "material":"avalihexagons1"
        },
     "30":
        {
         "material":"junk"
        },
     "31":
        {
         "material":"goldenleaves"
        },
     "32":
        {
         "material":"goldensand"
        },
     "33":
        {
         "material":"goldenglass"
        },
     "34":
        {
         "material":"goldenwood"
        },
     "35":
        {
         "material":"goldenplank"
        },
     "36":
        {
         "material":"fu_honeycombblock"
        },
     "37":
        {
         "material":"833honeycrystalblock"
        },
     "38":
        {
         "material":"honeystone"
        },
     "39":
        {
         "material":"honeystonebrick"
        },
     "4":
        {
         "material":"avalitechpanel"
        },
     "40":
        {
         "material":"fu_redhoneycombblock"
        },
     "41":
        {
         "material":"redwaxblock"
        },
     "42":
        {
         "material":"frozenwaxblock"
        },
     "43":
        {
         "material":"waxblock"
        },
     "44":
        {
         "material":"whitewaxblock"
        },
     "45":
        {
         "material":"bloodsand"
        },
     "46":
        {
         "material":"bloodstonetile"
        },
     "47":
        {
         "material":"bloodstonetile2"
        },
     "48":
        {
         "material":"ff_bloodstone"
        },
     "49":
        {
         "material":"bioblock"
        },
     "5":
        {
         "material":"brittlejunk"
        },
     "50":
        {
         "material":"bioblock2"
        },
     "51":
        {
         "material":"biodirt"
        },
     "52":
        {
         "material":"biogravel"
        },
     "53":
        {
         "material":"biostone"
        },
     "54":
        {
         "material":"calichestone"
        },
     "55":
        {
         "material":"iceblock1"
        },
     "56":
        {
         "material":"iceblock2"
        },
     "57":
        {
         "material":"iceblock3"
        },
     "58":
        {
         "material":"iceblock4"
        },
     "59":
        {
         "material":"irradiatedtile"
        },
     "6":
        {
         "material":"brittlemetal"
        },
     "60":
        {
         "material":"irradiatedtile2"
        },
     "61":
        {
         "material":"irradiatedtile3"
        },
     "62":
        {
         "material":"magmatile1"
        },
     "63":
        {
         "material":"magmatile2"
        },
     "64":
        {
         "material":"magmatile3"
        },
     "65":
        {
         "material":"magmatile4"
        },
     "66":
        {
         "material":"sulphurdirt"
        },
     "67":
        {
         "material":"sulphurstone"
        },
     "68":
        {
         "material":"veinblock"
        },
     "69":
        {
         "material":"blackslime"
        },
     "7":
        {
         "material":"fumetalblock"
        },
     "70":
        {
         "material":"honeycombmaterial"
        },
     "71":
        {
         "material":"peglacimetalpanel"
        },
     "72":
        {
         "material":"avalidarkmetal"
        },
     "73":
        {
         "material":"avalidarkmetal3"
        },
     "74":
        {
         "material":"avalidisplay"
        },
     "75":
        {
         "material":"avaliglass"
        },
     "76":
        {
         "material":"avalipaneling"
        },
     "77":
        {
         "material":"avalipaneling2"
        },
     "78":
        {
         "material":"avaliplain"
        },
     "79":
        {
         "material":"avalitiles"
        },
     "8":
        {
         "material":"peglacicableconnector"
        },
     "80":
        {
         "material":"campbigpole"
        },
     "81":
        {
         "material":"campcanvas"
        },
     "82":
        {
         "material":"camppole"
        },
     "83":
        {
         "material":"camptapestry1"
        },
     "84":
        {
         "material":"camptapestry2"
        },
     "85":
        {
         "material":"redhoneycombmaterial"
        },
     "86":
        {
         "material":"retexgreenhouse"
        },
     "87":
        {
         "material":"fumossyrock"
        },
     "88":
        {
         "material":"fumossyrock2"
        },
     "89":
        {
         "material":"elderroof"
        },
     "9":
        {
         "material":"peglacicablenexus"
        },
     "90":
        {
         "material":"fumonasteryroofing"
        },
     "91":
        {
         "material":"fumonasterytile"
        },
     "92":
        {
         "material":"fumonasterywall"
        },
     "93":
        {
         "material":"fumonasterybeam"
        },
     "94":
        {
         "material":"fumonasteryflooring"
        },
     "95":
        {
         "material":"sandpillar1"
        },
     "96":
        {
         "material":"sandpillar2"
        },
     "97":
        {
         "material":"erchiuspillar"
        },
     "98":
        {
         "material":"shroomblockwall"
        },
     "99":
        {
         "material":"precursorpanel"
        }
    },
 "tilepropertytypes":
    {
     "0":
        {
         "material":"string"
        },
     "1":
        {
         "material":"string"
        },
     "10":
        {
         "material":"string"
        },
     "100":
        {
         "material":"string"
        },
     "101":
        {
         "material":"string"
        },
     "102":
        {
         "material":"string"
        },
     "103":
        {
         "material":"string"
        },
     "104":
        {
         "material":"string"
        },
     "105":
        {
         "material":"string"
        },
     "106":
        {
         "material":"string"
        },
     "107":
        {
         "material":"string"
        },
     "108":
        {
         "material":"string"
        },
     "109":
        {
         "material":"string"
        },
     "11":
        {
         "material":"string"
        },
     "110":
        {
         "material":"string"
        },
     "111":
        {
         "material":"string"
        },
     "112":
        {
         "material":"string"
        },
     "113":
        {
         "material":"string"
        },
     "114":
        {
         "material":"string"
        },
     "115":
        {
         "material":"string"
        },
     "116":
        {
         "material":"string"
        },
     "117":
        {
         "material":"string"
        },
     "118":
        {
         "material":"string"
        },
     "119":
        {
         "material":"string"
        },
     "12":
        {
         "material":"string"
        },
     "120":
        {
         "material":"string"
        },
     "13":
        {
         "material":"string"
        },
     "14":
        {
         "material":"string"
        },
     "15":
        {
         "material":"string"
        },
     "16":
        {
         "material":"string"
        },
     "17":
        {
         "material":"string"
        },
     "18":
        {
         "material":"string"
        },
     "19":
        {
         "material":"string"
        },
     "2":
        {
         "material":"string"
        },
     "20":
        {
         "material":"string"
        },
     "21":
        {
         "material":"string"
        },
     "22":
        {
         "material":"string"
        },
     "23":
        {
         "material":"string"
        },
     "24":
        {
         "material":"string"
        },
     "25":
        {
         "material":"string"
        },
     "26":
        {
         "material":"string"
        },
     "27":
        {
         "material":"string"
        },
     "28":
        {
         "material":"string"
        },
     "29":
        {
         "material":"string"
        },
     "3":
        {
         "material":"string"
        },
     "30":
        {
         "material":"string"
        },
     "31":
        {
         "material":"string"
        },
     "32":
        {
         "material":"string"
        },
     "33":
        {
         "material":"string"
        },
     "34":
        {
         "material":"string"
        },
     "35":
        {
         "material":"string"
        },
     "36":
        {
         "material":"string"
        },
     "37":
        {
         "material":"string"
        },
     "38":
        {
         "material":"string"
        },
     "39":
        {
         "material":"string"
        },
     "4":
        {
         "material":"string"
        },
     "40":
        {
         "material":"string"
        },
     "41":
        {
         "material":"string"
        },
     "42":
        {
         "material":"string"
        },
     "43":
        {
         "material":"string"
        },
     "44":
        {
         "material":"string"
        },
     "45":
        {
         "material":"string"
        },
     "46":
        {
         "material":"string"
        },
     "47":
        {
         "material":"string"
        },
     "48":
        {
         "material":"string"
        },
     "49":
        {
         "material":"string"
        },
     "5":
        {
         "material":"string"
        },
     "50":
        {
         "material":"string"
        },
     "51":
        {
         "material":"string"
        },
     "52":
        {
         "material":"string"
        },
     "53":
        {
         "material":"string"
        },
     "54":
        {
         "material":"string"
        },
     "55":
        {
         "material":"string"
        },
     "56":
        {
         "material":"string"
        },
     "57":
        {
         "material":"string"
        },
     "58":
        {
         "material":"string"
        },
     "59":
        {
         "material":"string"
        },
     "6":
        {
         "material":"string"
        },
     "60":
        {
         "material":"string"
        },
     "61":
        {
         "material":"string"
        },
     "62":
        {
         "material":"string"
        },
     "63":
        {
         "material":"string"
        },
     "64":
        {
         "material":"string"
        },
     "65":
        {
         "material":"string"
        },
     "66":
        {
         "material":"string"
        },
     "67":
        {
         "material":"string"
        },
     "68":
        {
         "material":"string"
        },
     "69":
        {
         "material":"string"
        },
     "7":
        {
         "material":"string"
        },
     "70":
        {
         "material":"string"
        },
     "71":
        {
         "material":"string"
        },
     "72":
        {
         "material":"string"
        },
     "73":
        {
         "material":"string"
        },
     "74":
        {
         "material":"string"
        },
     "75":
        {
         "material":"string"
        },
     "76":
        {
         "material":"string"
        },
     "77":
        {
         "material":"string"
        },
     "78":
        {
         "material":"string"
        },
     "79":
        {
         "material":"string"
        },
     "8":
        {
         "material":"string"
        },
     "80":
        {
         "material":"string"
        },
     "81":
        {
         "material":"string"
        },
     "82":
        {
         "material":"string"
        },
     "83":
        {
         "material":"string"
        },
     "84":
        {
         "material":"string"
        },
     "85":
        {
         "material":"string"
        },
     "86":
        {
         "material":"string"
        },
     "87":
        {
         "material":"string"
        },
     "88":
        {
         "material":"string"
        },
     "89":
        {
         "material":"string"
        },
     "9":
        {
         "material":"string"
        },
     "90":
        {
         "material":"string"
        },
     "91":
        {
         "material":"string"
        },
     "92":
        {
         "material":"string"
        },
     "93":
        {
         "material":"string"
        },
     "94":
        {
         "material":"string"
        },
     "95":
        {
         "material":"string"
        },
     "96":
        {
         "material":"string"
        },
     "97":
        {
         "material":"string"
        },
     "98":
        {
         "material":"string"
        },
     "99":
        {
         "material":"string"
        }
    },
 "tiles":
    {
     "0":
        {
         "image":"..\/..\/..\/..\/tiled\/frackinuniverse-custom\/materials\/avaliaeroponics.png",
         "imageheight":8,
         "imagewidth":8
        },
     "1":
        {
         "image":"..\/..\/..\/..\/tiled\/frackinuniverse-custom\/materials\/avalichits.png",
         "imageheight":8,
         "imagewidth":8
        },
     "10":
        {
         "image":"..\/..\/..\/..\/tiled\/frackinuniverse-custom\/materials\/peglacigiantek.png",
         "imageheight":8,
         "imagewidth":8
        },
     "100":
        {
         "image":"..\/..\/..\/..\/tiled\/frackinuniverse-custom\/materials\/precursorwall.png",
         "imageheight":8,
         "imagewidth":8
        },
     "101":
        {
         "image":"..\/..\/..\/..\/tiled\/frackinuniverse-custom\/materials\/precursorfloor.png",
         "imageheight":8,
         "imagewidth":8
        },
     "102":
        {
         "image":"..\/..\/..\/..\/tiled\/frackinuniverse-custom\/materials\/precursorglasswall.png",
         "imageheight":8,
         "imagewidth":8
        },
     "103":
        {
         "image":"..\/..\/..\/..\/tiled\/frackinuniverse-custom\/materials\/precursordetail.png",
         "imageheight":8,
         "imagewidth":8
        },
     "104":
        {
         "image":"..\/..\/..\/..\/tiled\/frackinuniverse-custom\/materials\/precursordecorative.png",
         "imageheight":8,
         "imagewidth":8
        },
     "105":
        {
         "image":"..\/..\/..\/..\/tiled\/frackinuniverse-custom\/materials\/precursorgirdir.png",
         "imageheight":8,
         "imagewidth":8
        },
     "106":
        {
         "image":"..\/..\/..\/..\/tiled\/frackinuniverse-custom\/materials\/precursorpillar.png",
         "imageheight":8,
         "imagewidth":8
        },
     "107":
        {
         "image":"..\/..\/..\/..\/tiled\/frackinuniverse-custom\/materials\/precursorchain.png",
         "imageheight":8,
         "imagewidth":8
        },
     "108":
        {
         "image":"..\/..\/..\/..\/tiled\/frackinuniverse-custom\/materials\/precursorfloor2.png",
         "imageheight":8,
         "imagewidth":8
        },
     "109":
        {
         "image":"..\/..\/..\/..\/tiled\/frackinuniverse-custom\/materials\/precursorgirder.png",
         "imageheight":8,
         "imagewidth":8
        },
     "11":
        {
         "image":"..\/..\/..\/..\/tiled\/frackinuniverse-custom\/materials\/peglacihexpane.png",
         "imageheight":8,
         "imagewidth":8
        },
     "110":
        {
         "image":"..\/..\/..\/..\/tiled\/frackinuniverse-custom\/materials\/precursorsloped.png",
         "imageheight":8,
         "imagewidth":8
        },
     "111":
        {
         "image":"..\/..\/..\/..\/tiled\/frackinuniverse-custom\/materials\/flowerybars.png",
         "imageheight":8,
         "imagewidth":8
        },
     "112":
        {
         "image":"..\/..\/..\/..\/tiled\/frackinuniverse-custom\/materials\/blacksteelblock.png",
         "imageheight":8,
         "imagewidth":8
        },
     "113":
        {
         "image":"..\/..\/..\/..\/tiled\/frackinuniverse-custom\/materials\/fancywoodstairs.png",
         "imageheight":8,
         "imagewidth":8
        },
     "114":
        {
         "image":"..\/..\/..\/..\/tiled\/frackinuniverse-custom\/materials\/precursorpipe.png",
         "imageheight":8,
         "imagewidth":8
        },
     "115":
        {
         "image":"..\/..\/..\/..\/tiled\/frackinuniverse-custom\/materials\/redwoodbark.png",
         "imageheight":8,
         "imagewidth":8
        },
     "116":
        {
         "image":"..\/..\/..\/..\/tiled\/frackinuniverse-custom\/materials\/retexdirt.png",
         "imageheight":8,
         "imagewidth":8
        },
     "117":
        {
         "image":"..\/..\/..\/..\/tiled\/frackinuniverse-custom\/materials\/boneyflesh.png",
         "imageheight":8,
         "imagewidth":8
        },
     "118":
        {
         "image":"..\/..\/..\/..\/tiled\/frackinuniverse-custom\/materials\/charredbones.png",
         "imageheight":8,
         "imagewidth":8
        },
     "119":
        {
         "image":"..\/..\/..\/..\/tiled\/frackinuniverse-custom\/materials\/harrowstone.png",
         "imageheight":8,
         "imagewidth":8
        },
     "12":
        {
         "image":"..\/..\/..\/..\/tiled\/frackinuniverse-custom\/materials\/peglacihorcable.png",
         "imageheight":8,
         "imagewidth":8
        },
     "120":
        {
         "image":"..\/..\/..\/..\/tiled\/frackinuniverse-custom\/materials\/fuoldtimber.png",
         "imageheight":8,
         "imagewidth":8
        },
     "13":
        {
         "image":"..\/..\/..\/..\/tiled\/frackinuniverse-custom\/materials\/peglaciicecolumn.png",
         "imageheight":8,
         "imagewidth":8
        },
     "14":
        {
         "image":"..\/..\/..\/..\/tiled\/frackinuniverse-custom\/materials\/peglaciinscribedpykreteblock.png",
         "imageheight":8,
         "imagewidth":8
        },
     "15":
        {
         "image":"..\/..\/..\/..\/tiled\/frackinuniverse-custom\/materials\/peglacimetalblock.png",
         "imageheight":8,
         "imagewidth":8
        },
     "16":
        {
         "image":"..\/..\/..\/..\/tiled\/frackinuniverse-custom\/materials\/peglacipykreteblock.png",
         "imageheight":8,
         "imagewidth":8
        },
     "17":
        {
         "image":"..\/..\/..\/..\/tiled\/frackinuniverse-custom\/materials\/peglacipykretedecor.png",
         "imageheight":8,
         "imagewidth":8
        },
     "18":
        {
         "image":"..\/..\/..\/..\/tiled\/frackinuniverse-custom\/materials\/peglacipykretefoundation.png",
         "imageheight":8,
         "imagewidth":8
        },
     "19":
        {
         "image":"..\/..\/..\/..\/tiled\/frackinuniverse-custom\/materials\/peglacipykretestrip.png",
         "imageheight":8,
         "imagewidth":8
        },
     "2":
        {
         "image":"..\/..\/..\/..\/tiled\/frackinuniverse-custom\/materials\/avalidarkmetal2.png",
         "imageheight":8,
         "imagewidth":8
        },
     "20":
        {
         "image":"..\/..\/..\/..\/tiled\/frackinuniverse-custom\/materials\/peglacivertcable.png",
         "imageheight":8,
         "imagewidth":8
        },
     "21":
        {
         "image":"..\/..\/..\/..\/tiled\/frackinuniverse-custom\/materials\/retexironblock.png",
         "imageheight":8,
         "imagewidth":8
        },
     "22":
        {
         "image":"..\/..\/..\/..\/tiled\/frackinuniverse-custom\/materials\/retexironpipe.png",
         "imageheight":8,
         "imagewidth":8
        },
     "23":
        {
         "image":"..\/..\/..\/..\/tiled\/frackinuniverse-custom\/materials\/retexaetherdustpillar.png",
         "imageheight":8,
         "imagewidth":8
        },
     "24":
        {
         "image":"..\/..\/..\/..\/tiled\/frackinuniverse-custom\/materials\/retexwallcables.png",
         "imageheight":8,
         "imagewidth":8
        },
     "25":
        {
         "image":"..\/..\/..\/..\/tiled\/frackinuniverse-custom\/materials\/steelpartblock.png",
         "imageheight":8,
         "imagewidth":8
        },
     "26":
        {
         "image":"..\/..\/..\/..\/tiled\/frackinuniverse-custom\/materials\/steelmetal.png",
         "imageheight":8,
         "imagewidth":8
        },
     "27":
        {
         "image":"..\/..\/..\/..\/tiled\/frackinuniverse-custom\/materials\/titaniumwallblock.png",
         "imageheight":8,
         "imagewidth":8
        },
     "28":
        {
         "image":"..\/..\/..\/..\/tiled\/frackinuniverse-custom\/materials\/peglacimetalscreen.png",
         "imageheight":8,
         "imagewidth":8
        },
     "29":
        {
         "image":"..\/..\/..\/..\/tiled\/frackinuniverse-custom\/materials\/purpleconsole.png",
         "imageheight":8,
         "imagewidth":8
        },
     "3":
        {
         "image":"..\/..\/..\/..\/tiled\/frackinuniverse-custom\/materials\/avalihexagons1.png",
         "imageheight":8,
         "imagewidth":8
        },
     "30":
        {
         "image":"..\/..\/..\/..\/tiled\/frackinuniverse-custom\/materials\/junk.png",
         "imageheight":8,
         "imagewidth":8
        },
     "31":
        {
         "image":"..\/..\/..\/..\/tiled\/frackinuniverse-custom\/materials\/goldenleaves.png",
         "imageheight":8,
         "imagewidth":8
        },
     "32":
        {
         "image":"..\/..\/..\/..\/tiled\/frackinuniverse-custom\/materials\/goldensand.png",
         "imageheight":8,
         "imagewidth":8
        },
     "33":
        {
         "image":"..\/..\/..\/..\/tiled\/frackinuniverse-custom\/materials\/goldenglass.png",
         "imageheight":8,
         "imagewidth":8
        },
     "34":
        {
         "image":"..\/..\/..\/..\/tiled\/frackinuniverse-custom\/materials\/goldenwood.png",
         "imageheight":8,
         "imagewidth":8
        },
     "35":
        {
         "image":"..\/..\/..\/..\/tiled\/frackinuniverse-custom\/materials\/goldenplank.png",
         "imageheight":8,
         "imagewidth":8
        },
     "36":
        {
         "image":"..\/..\/..\/..\/tiled\/frackinuniverse-custom\/materials\/fuhoneycombblock.png",
         "imageheight":8,
         "imagewidth":8
        },
     "37":
        {
         "image":"..\/..\/..\/..\/tiled\/frackinuniverse-custom\/materials\/honeycrystalblock.png",
         "imageheight":8,
         "imagewidth":8
        },
     "38":
        {
         "image":"..\/..\/..\/..\/tiled\/frackinuniverse-custom\/materials\/honeystone.png",
         "imageheight":8,
         "imagewidth":8
        },
     "39":
        {
         "image":"..\/..\/..\/..\/tiled\/frackinuniverse-custom\/materials\/honeystonebrick.png",
         "imageheight":8,
         "imagewidth":8
        },
     "4":
        {
         "image":"..\/..\/..\/..\/tiled\/frackinuniverse-custom\/materials\/avalitechpanel.png",
         "imageheight":8,
         "imagewidth":8
        },
     "40":
        {
         "image":"..\/..\/..\/..\/tiled\/frackinuniverse-custom\/materials\/redhoneycombblock.png",
         "imageheight":8,
         "imagewidth":8
        },
     "41":
        {
         "image":"..\/..\/..\/..\/tiled\/frackinuniverse-custom\/materials\/redwax.png",
         "imageheight":8,
         "imagewidth":8
        },
     "42":
        {
         "image":"..\/..\/..\/..\/tiled\/frackinuniverse-custom\/materials\/frozenwaxblock.png",
         "imageheight":8,
         "imagewidth":8
        },
     "43":
        {
         "image":"..\/..\/..\/..\/tiled\/frackinuniverse-custom\/materials\/waxblock.png",
         "imageheight":8,
         "imagewidth":8
        },
     "44":
        {
         "image":"..\/..\/..\/..\/tiled\/frackinuniverse-custom\/materials\/whitewaxblock.png",
         "imageheight":8,
         "imagewidth":8
        },
     "45":
        {
         "image":"..\/..\/..\/..\/tiled\/frackinuniverse-custom\/materials\/bloodsand.png",
         "imageheight":8,
         "imagewidth":8
        },
     "46":
        {
         "image":"..\/..\/..\/..\/tiled\/frackinuniverse-custom\/materials\/bloodstonetile.png",
         "imageheight":8,
         "imagewidth":8
        },
     "47":
        {
         "image":"..\/..\/..\/..\/tiled\/frackinuniverse-custom\/materials\/bloodstonetile2.png",
         "imageheight":8,
         "imagewidth":8
        },
     "48":
        {
         "image":"..\/..\/..\/..\/tiled\/frackinuniverse-custom\/materials\/ff_bloodstone.png",
         "imageheight":8,
         "imagewidth":8
        },
     "49":
        {
         "image":"..\/..\/..\/..\/tiled\/frackinuniverse-custom\/materials\/bioblock.png",
         "imageheight":8,
         "imagewidth":8
        },
     "5":
        {
         "image":"..\/..\/..\/..\/tiled\/frackinuniverse-custom\/materials\/brittlejunk.png",
         "imageheight":8,
         "imagewidth":8
        },
     "50":
        {
         "image":"..\/..\/..\/..\/tiled\/frackinuniverse-custom\/materials\/bioblock2.png",
         "imageheight":8,
         "imagewidth":8
        },
     "51":
        {
         "image":"..\/..\/..\/..\/tiled\/frackinuniverse-custom\/materials\/biodirt.png",
         "imageheight":8,
         "imagewidth":8
        },
     "52":
        {
         "image":"..\/..\/..\/..\/tiled\/frackinuniverse-custom\/materials\/biogravel.png",
         "imageheight":8,
         "imagewidth":8
        },
     "53":
        {
         "image":"..\/..\/..\/..\/tiled\/frackinuniverse-custom\/materials\/biostone.png",
         "imageheight":8,
         "imagewidth":8
        },
     "54":
        {
         "image":"..\/..\/..\/..\/tiled\/frackinuniverse-custom\/materials\/calichestone.png",
         "imageheight":8,
         "imagewidth":8
        },
     "55":
        {
         "image":"..\/..\/..\/..\/tiled\/frackinuniverse-custom\/materials\/iceblock1.png",
         "imageheight":8,
         "imagewidth":8
        },
     "56":
        {
         "image":"..\/..\/..\/..\/tiled\/frackinuniverse-custom\/materials\/iceblock2.png",
         "imageheight":8,
         "imagewidth":8
        },
     "57":
        {
         "image":"..\/..\/..\/..\/tiled\/frackinuniverse-custom\/materials\/iceblock3.png",
         "imageheight":8,
         "imagewidth":8
        },
     "58":
        {
         "image":"..\/..\/..\/..\/tiled\/frackinuniverse-custom\/materials\/iceblock4.png",
         "imageheight":8,
         "imagewidth":8
        },
     "59":
        {
         "image":"..\/..\/..\/..\/tiled\/frackinuniverse-custom\/materials\/irradiatedtile.png",
         "imageheight":8,
         "imagewidth":8
        },
     "6":
        {
         "image":"..\/..\/..\/..\/tiled\/frackinuniverse-custom\/materials\/brittlemetal.png",
         "imageheight":8,
         "imagewidth":8
        },
     "60":
        {
         "image":"..\/..\/..\/..\/tiled\/frackinuniverse-custom\/materials\/irradiatedtile2.png",
         "imageheight":8,
         "imagewidth":8
        },
     "61":
        {
         "image":"..\/..\/..\/..\/tiled\/frackinuniverse-custom\/materials\/irradiatedtile3.png",
         "imageheight":8,
         "imagewidth":8
        },
     "62":
        {
         "image":"..\/..\/..\/..\/tiled\/frackinuniverse-custom\/materials\/magmatile1.png",
         "imageheight":8,
         "imagewidth":8
        },
     "63":
        {
         "image":"..\/..\/..\/..\/tiled\/frackinuniverse-custom\/materials\/magmatile2.png",
         "imageheight":8,
         "imagewidth":8
        },
     "64":
        {
         "image":"..\/..\/..\/..\/tiled\/frackinuniverse-custom\/materials\/magmatile3.png",
         "imageheight":8,
         "imagewidth":8
        },
     "65":
        {
         "image":"..\/..\/..\/..\/tiled\/frackinuniverse-custom\/materials\/magmatile4.png",
         "imageheight":8,
         "imagewidth":8
        },
     "66":
        {
         "image":"..\/..\/..\/..\/tiled\/frackinuniverse-custom\/materials\/sulphurdirt.png",
         "imageheight":8,
         "imagewidth":8
        },
     "67":
        {
         "image":"..\/..\/..\/..\/tiled\/frackinuniverse-custom\/materials\/sulphurstone.png",
         "imageheight":8,
         "imagewidth":8
        },
     "68":
        {
         "image":"..\/..\/..\/..\/tiled\/frackinuniverse-custom\/materials\/veinblock.png",
         "imageheight":8,
         "imagewidth":8
        },
     "69":
        {
         "image":"..\/..\/..\/..\/tiled\/frackinuniverse-custom\/materials\/blackslime.png",
         "imageheight":8,
         "imagewidth":8
        },
     "7":
        {
         "image":"..\/..\/..\/..\/tiled\/frackinuniverse-custom\/materials\/fumetalblock.png",
         "imageheight":8,
         "imagewidth":8
        },
     "70":
        {
         "image":"..\/..\/..\/..\/tiled\/frackinuniverse-custom\/materials\/honeycombblock.png",
         "imageheight":8,
         "imagewidth":8
        },
     "71":
        {
         "image":"..\/..\/..\/..\/tiled\/frackinuniverse-custom\/materials\/peglacimetalpanel.png",
         "imageheight":8,
         "imagewidth":8
        },
     "72":
        {
         "image":"..\/..\/..\/..\/tiled\/frackinuniverse-custom\/materials\/avalidarkmetal.png",
         "imageheight":8,
         "imagewidth":8
        },
     "73":
        {
         "image":"..\/..\/..\/..\/tiled\/frackinuniverse-custom\/materials\/avalidarkmetal3.png",
         "imageheight":8,
         "imagewidth":8
        },
     "74":
        {
         "image":"..\/..\/..\/..\/tiled\/frackinuniverse-custom\/materials\/avalidisplay.png",
         "imageheight":8,
         "imagewidth":8
        },
     "75":
        {
         "image":"..\/..\/..\/..\/tiled\/frackinuniverse-custom\/materials\/avaliglass.png",
         "imageheight":8,
         "imagewidth":8
        },
     "76":
        {
         "image":"..\/..\/..\/..\/tiled\/frackinuniverse-custom\/materials\/avalipaneling.png",
         "imageheight":8,
         "imagewidth":8
        },
     "77":
        {
         "image":"..\/..\/..\/..\/tiled\/frackinuniverse-custom\/materials\/avalipaneling2.png",
         "imageheight":8,
         "imagewidth":8
        },
     "78":
        {
         "image":"..\/..\/..\/..\/tiled\/frackinuniverse-custom\/materials\/avaliplain.png",
         "imageheight":8,
         "imagewidth":8
        },
     "79":
        {
         "image":"..\/..\/..\/..\/tiled\/frackinuniverse-custom\/materials\/avalitiles.png",
         "imageheight":8,
         "imagewidth":8
        },
     "8":
        {
         "image":"..\/..\/..\/..\/tiled\/frackinuniverse-custom\/materials\/peglacicableconnector.png",
         "imageheight":8,
         "imagewidth":8
        },
     "80":
        {
         "image":"..\/..\/..\/..\/tiled\/frackinuniverse-custom\/materials\/campbigpole.png",
         "imageheight":8,
         "imagewidth":8
        },
     "81":
        {
         "image":"..\/..\/..\/..\/tiled\/frackinuniverse-custom\/materials\/campcanvas.png",
         "imageheight":8,
         "imagewidth":8
        },
     "82":
        {
         "image":"..\/..\/..\/..\/tiled\/frackinuniverse-custom\/materials\/camppole.png",
         "imageheight":8,
         "imagewidth":8
        },
     "83":
        {
         "image":"..\/..\/..\/..\/tiled\/frackinuniverse-custom\/materials\/camptapestry1.png",
         "imageheight":8,
         "imagewidth":8
        },
     "84":
        {
         "image":"..\/..\/..\/..\/tiled\/frackinuniverse-custom\/materials\/camptapestry2.png",
         "imageheight":8,
         "imagewidth":8
        },
     "85":
        {
         "image":"..\/..\/..\/..\/tiled\/frackinuniverse-custom\/materials\/redhoneycomb.png",
         "imageheight":8,
         "imagewidth":8
        },
     "86":
        {
         "image":"..\/..\/..\/..\/tiled\/frackinuniverse-custom\/materials\/retexgreenhouse.png",
         "imageheight":8,
         "imagewidth":8
        },
     "87":
        {
         "image":"..\/..\/..\/..\/tiled\/frackinuniverse-custom\/materials\/fumossyrock.png",
         "imageheight":8,
         "imagewidth":8
        },
     "88":
        {
         "image":"..\/..\/..\/..\/tiled\/frackinuniverse-custom\/materials\/fumossyrock2.png",
         "imageheight":8,
         "imagewidth":8
        },
     "89":
        {
         "image":"..\/..\/..\/..\/tiled\/frackinuniverse-custom\/materials\/elderroof.png",
         "imageheight":8,
         "imagewidth":8
        },
     "9":
        {
         "image":"..\/..\/..\/..\/tiled\/frackinuniverse-custom\/materials\/peglacicablenexus.png",
         "imageheight":8,
         "imagewidth":8
        },
     "90":
        {
         "image":"..\/..\/..\/..\/tiled\/frackinuniverse-custom\/materials\/fumonasteryroofing.png",
         "imageheight":8,
         "imagewidth":8
        },
     "91":
        {
         "image":"..\/..\/..\/..\/tiled\/frackinuniverse-custom\/materials\/fumonasterytile.png",
         "imageheight":8,
         "imagewidth":8
        },
     "92":
        {
         "image":"..\/..\/..\/..\/tiled\/frackinuniverse-custom\/materials\/fumonasterywall.png",
         "imageheight":8,
         "imagewidth":8
        },
     "93":
        {
         "image":"..\/..\/..\/..\/tiled\/frackinuniverse-custom\/materials\/fumonasterybeam.png",
         "imageheight":8,
         "imagewidth":8
        },
     "94":
        {
         "image":"..\/..\/..\/..\/tiled\/frackinuniverse-custom\/materials\/fumonasteryflooring.png",
         "imageheight":8,
         "imagewidth":8
        },
     "95":
        {
         "image":"..\/..\/..\/..\/tiled\/frackinuniverse-custom\/materials\/sandpillar1.png",
         "imageheight":8,
         "imagewidth":8
        },
     "96":
        {
         "image":"..\/..\/..\/..\/tiled\/frackinuniverse-custom\/materials\/sandpillar2.png",
         "imageheight":8,
         "imagewidth":8
        },
     "97":
        {
         "image":"..\/..\/..\/..\/tiled\/frackinuniverse-custom\/materials\/erchiuspillar.png",
         "imageheight":8,
         "imagewidth":8
        },
     "98":
        {
         "image":"..\/..\/..\/..\/tiled\/frackinuniverse-custom\/materials\/shroomblockwall.png",
         "imageheight":8,
         "imagewidth":8
        },
     "99":
        {
         "image":"..\/..\/..\/..\/tiled\/frackinuniverse-custom\/materials\/precursorpanel.png",
         "imageheight":8,
         "imagewidth":8
        }
    },
 "tilewidth":8,
 "type":"tileset"
}