{ "columns":0,
 "grid":
    {
     "height":8,
     "orientation":"orthogonal",
     "width":8
    },
 "margin":0,
 "name":"fuplatforms",
 "spacing":0,
 "tilecount":15,
 "tileheight":16,
 "tileproperties":
    {
     "0":
        {
         "material":"elderplatform"
        },
     "1":
        {
         "material":"honeyplatform"
        },
     "10":
        {
         "material":"avaliplatform"
        },
     "11":
        {
         "material":"avalistairs"
        },
     "12":
        {
         "material":"avalitechplatform"
        },
     "13":
        {
         "material":"fancywoodstairs"
        },
     "14":
        {
         "material":"precursorstairs"
        },
     "2":
        {
         "material":"peglacialloyplatform"
        },
     "3":
        {
         "material":"peglacipykreteplatform"
        },
     "4":
        {
         "material":"frozenwaxplatform"
        },
     "5":
        {
         "material":"redwaxplatform"
        },
     "6":
        {
         "material":"waxplatform"
        },
     "7":
        {
         "material":"whitewaxplatform"
        },
     "8":
        {
         "material":"avalicable"
        },
     "9":
        {
         "material":"avalidarkplatform"
        }
    },
 "tilepropertytypes":
    {
     "0":
        {
         "material":"string"
        },
     "1":
        {
         "material":"string"
        },
     "10":
        {
         "material":"string"
        },
     "11":
        {
         "material":"string"
        },
     "12":
        {
         "material":"string"
        },
     "13":
        {
         "material":"string"
        },
     "14":
        {
         "material":"string"
        },
     "2":
        {
         "material":"string"
        },
     "3":
        {
         "material":"string"
        },
     "4":
        {
         "material":"string"
        },
     "5":
        {
         "material":"string"
        },
     "6":
        {
         "material":"string"
        },
     "7":
        {
         "material":"string"
        },
     "8":
        {
         "material":"string"
        },
     "9":
        {
         "material":"string"
        }
    },
 "tiles":
    {
     "0":
        {
         "image":"..\/..\/..\/..\/tiled\/frackinuniverse-custom\/materials\/elderplatform.png",
         "imageheight":8,
         "imagewidth":8
        },
     "1":
        {
         "image":"..\/..\/..\/..\/tiled\/frackinuniverse-custom\/materials\/honeyplatform.png",
         "imageheight":8,
         "imagewidth":8
        },
     "10":
        {
         "image":"..\/..\/..\/..\/tiled\/frackinuniverse-custom\/materials\/avaliplatform.png",
         "imageheight":8,
         "imagewidth":8
        },
     "11":
        {
         "image":"..\/..\/..\/..\/tiled\/frackinuniverse-custom\/materials\/avalistairs.png",
         "imageheight":8,
         "imagewidth":8
        },
     "12":
        {
         "image":"..\/..\/..\/..\/tiled\/frackinuniverse-custom\/materials\/avalitechplatform.png",
         "imageheight":8,
         "imagewidth":8
        },
     "13":
        {
         "image":"..\/..\/..\/..\/tiled\/frackinuniverse-custom\/materials\/fancywoodstairs.png",
         "imageheight":8,
         "imagewidth":8
        },
     "14":
        {
         "image":"..\/..\/..\/..\/tiled\/frackinuniverse-custom\/materials\/precursorstairs.png",
         "imageheight":16,
         "imagewidth":16
        },
     "2":
        {
         "image":"..\/..\/..\/..\/tiled\/frackinuniverse-custom\/materials\/peglacialloyplatform.png",
         "imageheight":8,
         "imagewidth":8
        },
     "3":
        {
         "image":"..\/..\/..\/..\/tiled\/frackinuniverse-custom\/materials\/peglacipykreteplatform.png",
         "imageheight":8,
         "imagewidth":8
        },
     "4":
        {
         "image":"..\/..\/..\/..\/tiled\/frackinuniverse-custom\/materials\/frozenwaxplatform.png",
         "imageheight":8,
         "imagewidth":8
        },
     "5":
        {
         "image":"..\/..\/..\/..\/tiled\/frackinuniverse-custom\/materials\/redwaxplatform.png",
         "imageheight":8,
         "imagewidth":8
        },
     "6":
        {
         "image":"..\/..\/..\/..\/tiled\/frackinuniverse-custom\/materials\/waxplatform.png",
         "imageheight":8,
         "imagewidth":8
        },
     "7":
        {
         "image":"..\/..\/..\/..\/tiled\/frackinuniverse-custom\/materials\/whitewaxplatform.png",
         "imageheight":8,
         "imagewidth":8
        },
     "8":
        {
         "image":"..\/..\/..\/..\/tiled\/frackinuniverse-custom\/materials\/avalicable.png",
         "imageheight":8,
         "imagewidth":8
        },
     "9":
        {
         "image":"..\/..\/..\/..\/tiled\/frackinuniverse-custom\/materials\/avalidarkplatform.png",
         "imageheight":8,
         "imagewidth":8
        }
    },
 "tilewidth":16,
 "type":"tileset"
}