{
  "margin" : 0,
  "name" : "objects-by-colonytag/steampunk",
  "properties" : {
  },
  "spacing" : 0,
  "tilecount" : 7,
  "tileheight" : 8,
  "tileproperties" : {
    "0" : {
      "//description" : "A fancy looking armchair.",
      "//name" : "steampunkarmchair",
      "//shortdescription" : "Steampunk Armchair",
      "imagePositionX" : "-16",
      "imagePositionY" : "0",
      "object" : "steampunkarmchair",
      "tilesetDirection" : "right"
    },
    "1" : {
      "//description" : "A metal desk, covered in curious devices.",
      "//name" : "steampunkdesk",
      "//shortdescription" : "Steampunk Desk",
      "imagePositionX" : "-24",
      "imagePositionY" : "0",
      "object" : "steampunkdesk",
      "tilesetDirection" : "right"
    },
    "2" : {
      "//description" : "An electric wall lamp, filled with a flowing, glowing gas.",
      "//name" : "steampunklamp",
      "//shortdescription" : "Steampunk Lamp",
      "imagePositionX" : "0",
      "imagePositionY" : "-8",
      "object" : "steampunklamp",
      "tilesetDirection" : "right"
    },
    "3" : {
      "//description" : "A set of shelves hung with pipes.",
      "//name" : "steampunkshelf",
      "//shortdescription" : "Steampunk Shelf",
      "imagePositionX" : "-24",
      "imagePositionY" : "0",
      "object" : "steampunkshelf",
      "tilesetDirection" : "right"
    },
    "4" : {
      "//description" : "A set of shelves hung with pipes.",
      "//name" : "steampunkshelf_orientation1",
      "//shortdescription" : "Steampunk Shelf",
      "imagePositionX" : "-24",
      "imagePositionY" : "0",
      "object" : "steampunkshelf",
      "tilesetDirection" : "right"
    },
    "5" : {
      "//description" : "A bed supported by a framework of pipes.",
      "//name" : "steampunkbed",
      "//shortdescription" : "Steampunk Bed",
      "imagePositionX" : "-24",
      "imagePositionY" : "0",
      "object" : "steampunkbed",
      "tilesetDirection" : "right"
    },
    "6" : {
      "//description" : "An old wooden carved globe.",
      "//name" : "steampunkglobe",
      "//shortdescription" : "Steampunk Globe",
      "imagePositionX" : "-8",
      "imagePositionY" : "0",
      "object" : "steampunkglobe",
      "tilesetDirection" : "right"
    }
  },
  "tiles" : {
    "0" : {
      "image" : "../../../../../tiled/packed/objects/steampunkarmchair.png"
    },
    "1" : {
      "image" : "../../../../../tiled/packed/objects/steampunkdesk.png"
    },
    "2" : {
      "image" : "../../../../../tiled/packed/objects/steampunklamp.png"
    },
    "3" : {
      "image" : "../../../../../tiled/packed/objects/steampunkshelf.png"
    },
    "4" : {
      "image" : "../../../../../tiled/packed/objects/steampunkshelf_orientation1.png"
    },
    "5" : {
      "image" : "../../../../../tiled/packed/objects/steampunkbed.png"
    },
    "6" : {
      "image" : "../../../../../tiled/packed/objects/steampunkglobe.png"
    }
  },
  "tilewidth" : 8
}