{
  "margin" : 0,
  "name" : "objects-by-colonytag/steamspring",
  "properties" : {
  },
  "spacing" : 0,
  "tilecount" : 6,
  "tileheight" : 8,
  "tileproperties" : {
    "0" : {
      "//description" : "A fetching chair, made of fine wood and brass pipes.",
      "//name" : "steamspringchair",
      "//shortdescription" : "Steamspring Chair",
      "imagePositionX" : "-16",
      "imagePositionY" : "0",
      "object" : "steamspringchair",
      "tilesetDirection" : "right"
    },
    "1" : {
      "//description" : "A neatly crafted table decorated with brass pipes.",
      "//name" : "steamspringtable",
      "//shortdescription" : "Steamspring Table",
      "imagePositionX" : "-16",
      "imagePositionY" : "0",
      "object" : "steamspringtable",
      "tilesetDirection" : "right"
    },
    "2" : {
      "//description" : "A strange lamp made from wood and brass.",
      "//name" : "steamspringlamp",
      "//shortdescription" : "Steamspring Lamp",
      "imagePositionX" : "0",
      "imagePositionY" : "0",
      "object" : "steamspringlamp",
      "tilesetDirection" : "right"
    },
    "3" : {
      "//description" : "A strange lamp made from wood and brass.",
      "//name" : "steamspringlamp_orientation1",
      "//shortdescription" : "Steamspring Lamp",
      "imagePositionX" : "-8",
      "imagePositionY" : "0",
      "object" : "steamspringlamp",
      "tilesetDirection" : "right"
    },
    "4" : {
      "//description" : "A sturdy wooden door, with a brass pipe frame.",
      "//name" : "steamspringdoor",
      "//shortdescription" : "Steamspring Door",
      "imagePositionX" : "-16",
      "imagePositionY" : "0",
      "object" : "steamspringdoor"
    },
    "5" : {
      "//description" : "A comfy bed supported by a framework of pipes.",
      "//name" : "steamspringbed",
      "//shortdescription" : "Steamspring Bed",
      "imagePositionX" : "-24",
      "imagePositionY" : "0",
      "object" : "steamspringbed",
      "tilesetDirection" : "right"
    }
  },
  "tiles" : {
    "0" : {
      "image" : "../../../../../tiled/packed/objects/steamspringchair.png"
    },
    "1" : {
      "image" : "../../../../../tiled/packed/objects/steamspringtable.png"
    },
    "2" : {
      "image" : "../../../../../tiled/packed/objects/steamspringlamp.png"
    },
    "3" : {
      "image" : "../../../../../tiled/packed/objects/steamspringlamp_orientation1.png"
    },
    "4" : {
      "image" : "../../../../../tiled/packed/objects/steamspringdoor.png"
    },
    "5" : {
      "image" : "../../../../../tiled/packed/objects/steamspringbed.png"
    }
  },
  "tilewidth" : 8
}